date,open,high,low,close,volume,market_cap
2022-12-14,17782.07,18318.53,17652.1,17652.1,25900123362.0,339521782854.0
2022-12-15,17813.64,17846.74,17322.59,17364.86,20964448341.0,334010450284.0
2022-12-16,17364.55,17505.53,16584.7,16647.48,24031608960.0,320225997954.0
2022-12-17,16646.98,16800.59,16614.03,16795.09,14463581825.0,323078968932.0
2022-12-18,16795.61,16815.39,16697.82,16757.98,10924354698.0,322379914497.0
2022-12-19,16759.04,16807.53,16398.14,16439.68,17221074814.0,316271488937.0
2022-12-20,16441.79,17012.98,16427.87,16906.31,22722096615.0,325263465985.0
2022-12-21,16904.53,16916.8,16755.91,16817.53,14882945045.0,323570505190.0
2022-12-22,16818.38,16866.67,16592.41,16830.34,16441573050.0,323831438044.0
2022-12-23,16829.64,16905.22,16794.46,16796.95,15329265213.0,323203056786.0
2022-12-24,16796.98,16864.7,16793.53,16847.76,9744636213.0,324190184506.0
2022-12-25,16847.51,16860.55,16755.25,16841.99,11656379938.0,324093186301.0
2022-12-26,16842.25,16920.12,16812.37,16919.81,11886957804.0,325604307791.0
2022-12-27,16919.29,16959.85,16642.07,16717.17,15748580239.0,321717198701.0
2022-12-28,16716.4,16768.17,16497.56,16552.57,17005713920.0,318567071312.0
2022-12-29,16552.32,16651.76,16508.68,16642.34,14472237479.0,320309344586.0
2022-12-30,16641.33,16643.43,16408.48,16602.59,15929162910.0,319559502980.0
2022-12-31,16603.67,16628.99,16517.52,16547.5,11239186456.0,318516317872.0
2023-01-01,16547.91,16630.44,16521.23,16625.08,9244361700.0,320025834692.0
2023-01-02,16625.51,16759.34,16572.23,16688.47,12097775227.0,321262452551.0
2023-01-03,16688.85,16760.45,16622.37,16679.86,13903079207.0,321111951655.0
2023-01-04,16680.2,16964.59,16667.76,16863.24,18421743322.0,324658229825.0
2023-01-05,16863.47,16884.02,16790.28,16836.74,13692758566.0,324163886550.0
2023-01-06,16836.47,16991.99,16716.42,16951.97,14413662913.0,326401273259.0
2023-01-07,16952.12,16975.02,16914.19,16955.08,7714767174.0,326478273137.0
2023-01-08,16954.15,17091.14,16924.05,17091.14,9768827914.0,329114546384.0
2023-01-09,17093.99,17389.96,17093.99,17196.55,18624736866.0,331160060320.0
2023-01-10,17192.95,17484.72,17162.99,17446.29,15808338949.0,335987993694.0
2023-01-11,17446.36,17987.63,17337.99,17943.9,18307186523.0,346303640718.0
2023-01-12,17944.07,19030.09,17919.23,18869.59,34971338710.0,363433455081.0
2023-01-13,18868.91,19964.32,18753.16,19909.57,29225029694.0,383483154874.0
2023-01-14,19910.54,21075.14,19907.83,20976.3,38967784639.0,404052157141.0
2023-01-15,20977.48,20993.75,20606.99,20880.8,19298407543.0,402234665331.0
2023-01-16,20882.22,21360.87,20715.75,21169.63,26792494050.0,407818156777.0
2023-01-17,21175.83,21438.66,20978.53,21161.52,24999983362.0,407681958151.0
2023-01-18,21161.05,21564.5,20541.54,20688.78,30005625418.0,398593008037.0
2023-01-19,20686.75,21163.01,20685.38,21086.79,21152848261.0,406279900295.0
2023-01-20,21085.37,22692.36,20919.13,22676.55,28799154319.0,436928964721.0
2023-01-21,22677.43,23282.35,22511.83,22777.63,32442278429.0,438896650641.0
2023-01-22,22777.99,23056.73,22387.9,22720.42,24746386230.0,437814457018.0
2023-01-23,22721.09,23126.49,22654.3,22934.43,26518700512.0,441960667797.0
2023-01-24,22929.63,23134.01,22549.74,22636.47,26405069715.0,436237993964.0
2023-01-25,22639.27,23722.1,22406.08,23117.86,30685366709.0,445539806080.0
2023-01-26,23108.95,23237.08,22911.37,23032.78,26357839322.0,443923229458.0
2023-01-27,23030.72,23417.72,22654.59,23078.73,25383335641.0,444830940521.0
2023-01-28,23079.96,23165.9,22908.85,23031.09,14712928379.0,443936922524.0
2023-01-29,23031.45,23919.89,22985.07,23774.57,27423687259.0,458291157032.0
2023-01-30,23774.65,23789.35,22657.58,22840.14,27205595568.0,440298767855.0
2023-01-31,22840.8,23225.02,22765.57,23139.28,22837828665.0,446082285297.0
2023-02-01,23137.84,23764.54,22877.75,23723.77,26683255504.0,457370104398.0
2023-02-02,23720.82,24167.21,23468.6,23471.87,32066936882.0,452534728124.0
2023-02-03,23469.41,23678.1,23279.96,23449.32,27083066007.0,452119476084.0
2023-02-04,23446.32,23556.95,23291.8,23331.85,15639298538.0,449874457148.0
2023-02-05,23332.25,23423.44,22841.76,22955.67,19564262605.0,442642331536.0
2023-02-06,22954.02,23119.28,22692.03,22760.11,23825006542.0,438893838655.0
2023-02-07,22757.27,23310.98,22756.26,23264.29,27187964471.0,448636152158.0
2023-02-08,23263.42,23367.96,22731.1,22939.4,25371367758.0,442391167095.0
2023-02-09,22946.57,22996.44,21773.97,21819.04,32572572185.0,420806214870.0
2023-02-10,21819.01,21941.19,21539.39,21651.18,27078406594.0,417588395182.0
2023-02-11,21651.84,21891.41,21618.45,21870.87,16356226232.0,421847190488.0
2023-02-12,21870.9,22060.99,21682.83,21788.2,17821046406.0,420274300806.0
2023-02-13,21787.0,21898.41,21460.09,21808.1,23918742607.0,420678828415.0
2023-02-14,21801.82,22293.14,21632.39,22220.8,26792596581.0,428662088256.0
2023-02-15,22220.59,24307.84,22082.77,24307.84,32483312909.0,468947166603.0
2023-02-16,24307.35,25134.12,23602.52,23623.47,39316664596.0,455770787833.0
2023-02-17,23621.28,24924.04,23460.76,24565.6,41358451255.0,473972409615.0
2023-02-18,24565.3,24798.84,24468.37,24641.28,19625427158.0,475459130855.0
2023-02-19,24640.03,25093.06,24327.64,24327.64,25555105670.0,469431477134.0
2023-02-20,24336.62,25020.46,23927.91,24829.15,28987376573.0,479132405758.0
2023-02-21,24833.05,25126.85,24200.36,24436.35,31252098714.0,471577656114.0
2023-02-22,24437.42,24472.34,23644.32,24188.84,30199996781.0,466821375594.0
2023-02-23,24190.72,24572.09,23693.92,23947.49,30476264066.0,462189287816.0
2023-02-24,23946.01,24103.7,23007.07,23198.13,26811744928.0,447747058644.0
2023-02-25,23200.13,23210.21,22861.56,23175.38,16100721565.0,447323985683.0
2023-02-26,23174.15,23654.37,23084.22,23561.21,16644534842.0,454795165823.0
2023-02-27,23561.45,23857.89,23205.88,23522.87,22660763494.0,454075216420.0
2023-02-28,23521.84,23585.38,23077.65,23147.35,20535363434.0,446846764116.0
2023-03-01,23150.93,23880.63,23088.63,23646.55,24662841200.0,456508161673.0
2023-03-02,23647.02,23739.14,23245.02,23475.47,20386398516.0,453226586696.0
2023-03-03,23476.63,23479.35,22213.24,22362.68,26062404610.0,431765463286.0
2023-03-04,22362.92,22405.18,22198.98,22353.35,11166012913.0,431607268094.0
2023-03-05,22354.14,22613.69,22307.14,22435.51,13317001733.0,433216160786.0
2023-03-06,22436.82,22584.29,22331.31,22429.76,17353192895.0,433122543176.0
2023-03-07,22428.32,22527.42,22011.26,22219.77,22765452204.0,429090671120.0
2023-03-08,22216.44,22268.9,21708.05,21718.08,22536575684.0,419421447158.0
2023-03-09,21720.08,21802.72,20210.31,20363.02,30364664171.0,393268847888.0
2023-03-10,20367.0,20370.6,19628.25,20187.24,39578257695.0,389890609884.0
2023-03-11,20187.88,20792.53,20068.66,20632.41,30180288176.0,398509689462.0
2023-03-12,20628.03,22185.03,20448.81,22163.95,29279035521.0,428114557465.0
2023-03-13,22156.41,24550.84,21918.2,24197.53,49466362688.0,467417380967.0
2023-03-14,24201.77,26514.72,24081.18,24746.07,54622230164.0,478037073215.0
2023-03-15,24770.93,25240.62,23964.91,24375.96,43655701450.0,470908667057.0
2023-03-16,24373.46,25190.33,24225.11,25052.79,33866061747.0,484005642387.0
2023-03-17,25055.12,27787.81,24955.17,27423.93,50730261335.0,529839581714.0
2023-03-18,27448.12,27725.95,26636.26,26965.88,35723036817.0,521018360376.0
2023-03-19,26969.5,28440.56,26907.72,28038.67,37769448859.0,541771324421.0
2023-03-20,28041.6,28527.72,27242.88,27767.24,44774027664.0,536553055078.0
2023-03-21,27768.39,28439.56,27439.65,28175.82,36102192830.0,544473344615.0
2023-03-22,28158.72,28803.34,26760.0,27307.44,33382021890.0,527720639354.0
2023-03-23,27301.96,28729.84,27183.36,28333.97,24220433689.0,547590658474.0
2023-03-24,28324.11,28388.44,27039.27,27493.29,25980310960.0,531370969956.0
2023-03-25,27487.34,27791.83,27196.23,27494.71,13383005987.0,531424045823.0
2023-03-26,27495.52,28178.14,27445.05,27994.33,13878363192.0,541106062438.0
2023-03-27,27994.07,28037.93,26606.69,27139.89,18188895178.0,524615890807.0
2023-03-28,27132.89,27460.72,26677.82,27268.13,17783600385.0,527117850101.0
2023-03-29,27267.03,28619.54,27259.66,28348.44,20684945906.0,548025510533.0
2023-03-30,28350.14,29159.9,27720.16,28033.56,22435349951.0,541964802720.0
2023-03-31,28032.26,28639.9,27583.72,28478.48,19001327598.0,550593053897.0
2023-04-01,28473.33,28802.46,28297.17,28411.03,10876469901.0,549318113504.0
2023-04-02,28462.84,28518.96,27884.09,28199.31,12284641999.0,545245950698.0
2023-04-03,28183.08,28475.62,27276.72,27790.22,19556501327.0,537360742270.0
2023-04-04,27795.27,28433.74,27681.31,28168.09,15284538859.0,544693901828.0
2023-04-05,28169.73,28739.24,27843.76,28177.98,17052315986.0,544910072722.0
2023-04-06,28175.23,28178.38,27738.76,28044.14,13837809380.0,542349825342.0
2023-04-07,28038.97,28111.59,27794.03,27925.86,10861680497.0,540086456069.0
2023-04-08,27920.51,28159.86,27883.39,27947.79,9373255556.0,540536533675.0
2023-04-09,27952.37,28532.83,27828.48,28333.05,12175322951.0,548015190714.0
2023-04-10,28336.03,29771.46,28189.27,29652.98,19282400094.0,573568312635.0
2023-04-11,29653.68,30509.08,29609.3,30235.06,20121259843.0,584854674446.0
2023-04-12,30231.58,30462.48,29725.57,30139.05,18651929926.0,583034311649.0
2023-04-13,29892.74,30539.85,29878.62,30399.07,17487721001.0,588084165990.0
2023-04-14,30409.56,31005.61,30044.5,30485.7,22659995079.0,589786626447.0
2023-04-15,30490.75,30601.74,30245.88,30318.5,11940685378.0,586582359795.0
2023-04-16,30315.98,30555.54,30157.83,30315.36,12854816417.0,586546802552.0
2023-04-17,30317.15,30319.2,29275.37,29445.04,17872186762.0,569735854497.0
2023-04-18,29449.09,30470.3,29154.85,30397.55,19480529496.0,588197752221.0
2023-04-19,30394.19,30411.05,28669.9,28822.68,24571565421.0,557748035703.0
2023-04-20,28823.68,29076.4,28037.26,28245.99,21340360360.0,546611911813.0
2023-04-21,28249.23,28349.97,27177.37,27276.91,20759504330.0,527883377618.0
2023-04-22,27265.9,27872.14,27169.57,27817.5,13125734602.0,538371205878.0
2023-04-23,27816.14,27820.24,27400.31,27591.38,12785446832.0,534020212997.0
2023-04-24,27591.73,27979.98,27070.85,27525.34,17703288330.0,532766516007.0
2023-04-25,27514.87,28371.08,27207.93,28307.6,17733373139.0,547928945542.0
2023-04-26,28300.06,29995.84,27324.55,28422.7,31854242019.0,550180352608.0
2023-04-27,28428.46,29871.55,28402.89,29473.79,27153445027.0,570550222406.0
2023-04-28,29481.01,29572.79,28929.61,29340.26,17544464887.0,567993007156.0
2023-04-29,29336.57,29452.46,29088.04,29248.49,10662634333.0,566240497929.0
2023-04-30,29245.52,29952.03,29114.02,29268.81,14652199272.0,566661285145.0
2023-05-01,29227.1,29329.94,27680.79,28091.57,18655599976.0,543900696260.0
2023-05-02,28087.17,28881.3,27924.12,28680.54,16432924527.0,555325979264.0
2023-05-03,28680.49,29259.53,28178.39,29006.31,19122972518.0,561661086031.0
2023-05-04,29031.3,29353.18,28694.04,28847.71,15548678514.0,558617183941.0
2023-05-05,28851.48,29668.91,28845.51,29534.38,17936566518.0,571935354880.0
2023-05-06,29538.86,29820.13,28468.97,28904.62,15913866714.0,559767467681.0
2023-05-07,28901.62,29157.52,28441.37,28454.98,11301355486.0,551083296209.0
2023-05-08,28450.46,28663.27,27310.14,27694.27,19122903752.0,536375393861.0
2023-05-09,27695.07,27821.4,27375.6,27658.77,14128593256.0,535713623919.0
2023-05-10,27654.64,28322.69,26883.67,27621.76,20656025026.0,535026153602.0
2023-05-11,27621.09,27621.94,26781.83,27000.79,16724343943.0,523022981321.0
2023-05-12,26987.66,27055.65,25878.43,26804.99,19313599897.0,519254029392.0
2023-05-13,26807.77,27030.48,26710.87,26784.08,9999171605.0,518873704830.0
2023-05-14,26788.97,27150.98,26661.35,26930.64,10014858959.0,521742220417.0
2023-05-15,26931.38,27646.35,26766.1,27192.69,14413231792.0,526844318152.0
2023-05-16,27171.51,27299.3,26878.95,27036.65,12732238816.0,523846408825.0
2023-05-17,27035.47,27465.93,26600.14,27398.8,15140006925.0,530890147615.0
2023-05-18,27401.65,27466.53,26415.1,26832.21,15222938600.0,519935930272.0
2023-05-19,26826.75,27128.62,26700.21,26890.13,11258983301.0,521083278042.0
2023-05-20,26888.84,27155.16,26843.28,27129.59,7044911360.0,525746096848.0
2023-05-21,27118.42,27265.92,26706.92,26753.83,8647416921.0,518489461931.0
2023-05-22,26749.89,27045.74,26549.73,26851.28,11056770492.0,520401926578.0
2023-05-23,26855.96,27434.68,26816.18,27225.73,13697203143.0,527685629564.0
2023-05-24,27224.6,27224.6,26106.58,26334.82,16299104428.0,510440697384.0
2023-05-25,26329.46,26591.52,25890.59,26476.21,13851122697.0,513207340509.0
2023-05-26,26474.18,26916.67,26343.95,26719.29,12711619225.0,517943916950.0
2023-05-27,26720.18,26888.88,26621.14,26868.35,7892015141.0,520858138785.0
2023-05-28,26871.16,28193.45,26802.75,28085.65,14545229578.0,544483610242.0
2023-05-29,28075.59,28432.04,27563.88,27745.88,15181308984.0,537924888419.0
2023-05-30,27745.12,28044.76,27588.5,27702.35,13251081851.0,537106462875.0
2023-05-31,27700.53,27831.68,26866.45,27219.66,15656371534.0,527773175252.0
2023-06-01,27218.41,27346.11,26671.72,26819.97,14678970415.0,520044966564.0
2023-06-02,26824.56,27303.86,26574.64,27249.59,14837415000.0,528404436446.0
2023-06-03,27252.32,27317.05,26958.0,27075.13,8385597470.0,525043616808.0
2023-06-04,27075.12,27407.02,26968.22,27119.07,9360912318.0,525920232791.0
2023-06-05,27123.11,27129.98,25445.17,25760.1,21513292646.0,499587457194.0
2023-06-06,25732.11,27313.82,25434.87,27238.78,21929670693.0,528291607016.0
2023-06-07,27235.65,27332.18,26146.99,26346.0,19530045082.0,510996613396.0
2023-06-08,26347.65,26797.51,26246.66,26508.22,11904824295.0,514170400421.0
2023-06-09,26505.92,26770.29,26339.32,26480.38,11015551640.0,513657047934.0
2023-06-10,26481.76,26531.05,25501.84,25851.24,19872933189.0,501477392551.0
2023-06-11,25854.03,26203.44,25668.99,25940.17,10732609603.0,503230985845.0
2023-06-12,25934.29,26087.92,25675.2,25902.5,11677889997.0,502523702241.0
2023-06-13,25902.94,26376.35,25728.37,25918.73,14143474486.0,502863816038.0
2023-06-14,25920.26,26041.8,24902.15,25124.68,14265717766.0,487476514345.0
2023-06-15,25121.67,25735.31,24797.17,25576.39,15837384409.0,496264527631.0
2023-06-16,25575.28,26463.17,25245.36,26327.46,16324646965.0,510862345346.0
2023-06-17,26328.68,26769.39,26174.49,26510.68,11090276850.0,514442327520.0
2023-06-18,26510.46,26675.93,26325.89,26336.21,9565695129.0,511079706783.0
2023-06-19,26335.44,26984.61,26312.83,26851.03,12826986222.0,521094554604.0
2023-06-20,26841.66,28388.97,26668.79,28327.49,22211859147.0,549771733917.0
2023-06-21,28311.31,30737.33,28283.41,30027.3,33346760979.0,582785323709.0
2023-06-22,29995.94,30496.0,29679.16,29912.28,20653160491.0,580578124574.0
2023-06-23,29896.38,31389.54,29845.21,30695.47,24115570085.0,595803665520.0
2023-06-24,30708.74,30804.15,30290.15,30548.69,12147822496.0,592983006395.0
2023-06-25,30545.15,31041.27,30327.94,30480.26,12703464114.0,591683600297.0
2023-06-26,30480.52,30636.03,29955.74,30271.13,16493186997.0,587650439315.0
2023-06-27,30274.32,31006.79,30236.65,30688.16,16428827944.0,595773660616.0
2023-06-28,30696.56,30703.28,29921.82,30086.25,14571500779.0,584108674471.0
2023-06-29,30086.19,30796.25,30057.2,30445.35,13180860821.0,591107911061.0
2023-06-30,30441.35,31256.86,29600.28,30477.25,26387306197.0,591758288456.0
2023-07-01,30471.85,30641.29,30328.86,30590.08,9086606733.0,593974448099.0
2023-07-02,30587.27,30766.14,30264.02,30620.77,10533418042.0,594601955893.0
2023-07-03,30624.52,31375.61,30586.51,31156.44,15271884873.0,605031166919.0
2023-07-04,31156.86,31325.2,30659.36,30777.58,12810828427.0,597702171826.0
2023-07-05,30778.73,30877.33,30225.61,30514.17,12481622280.0,592615228831.0
2023-07-06,30507.15,31460.05,29892.23,29909.34,21129219509.0,580894851051.0
2023-07-07,29908.0,30434.64,29777.28,30342.26,13384770155.0,589336655274.0
2023-07-08,30346.92,30374.44,30080.16,30292.54,7509378699.0,588404379630.0
2023-07-09,30291.61,30427.59,30085.59,30171.23,7903327692.0,586079772337.0
2023-07-10,30172.42,31026.08,29985.39,30414.47,14828209155.0,590834747693.0
2023-07-11,30417.63,30788.31,30358.1,30620.95,12151839152.0,594872050276.0
2023-07-12,30622.25,30959.97,30228.84,30391.65,14805659717.0,590443005305.0
2023-07-13,30387.49,31814.51,30268.35,31476.05,23686079548.0,611535352758.0
2023-07-14,31474.72,31582.25,29966.39,30334.07,20917902660.0,589374459086.0
2023-07-15,30331.78,30407.78,30263.46,30295.81,8011667756.0,588656416080.0
2023-07-16,30297.47,30437.56,30089.67,30249.13,8516564470.0,587778068681.0
2023-07-17,30249.63,30336.4,29685.78,30145.89,13240156074.0,585797549895.0
2023-07-18,30147.07,30233.66,29556.43,29856.56,13138897269.0,580205937050.0
2023-07-19,29862.05,30184.18,29794.27,29913.92,12128602812.0,581348679162.0
2023-07-20,29915.25,30195.53,29638.1,29792.02,14655207121.0,579003905761.0
2023-07-21,29805.11,30046.0,29733.85,29908.74,10972789818.0,581292887482.0
2023-07-22,29908.7,29991.62,29664.12,29771.8,7873300598.0,578655924187.0
2023-07-23,29790.11,30330.64,29741.53,30084.54,9220145050.0,584762966698.0
2023-07-24,30081.66,30093.39,28934.29,29176.92,15395817395.0,567148527546.0
2023-07-25,29178.97,29353.16,29062.43,29227.39,10266772793.0,568155078548.0
2023-07-26,29225.76,29675.55,29113.91,29354.97,13497554655.0,570661758982.0
2023-07-27,29353.8,29560.97,29099.35,29210.69,10770779217.0,567881358905.0
2023-07-28,29212.16,29521.51,29125.85,29319.25,11218474952.0,570017791145.0
2023-07-29,29319.45,29396.84,29264.17,29356.92,6481775959.0,570774442719.0
2023-07-30,29357.09,29443.17,29059.5,29275.31,8678454527.0,569216997017.0
2023-07-31,29278.31,29489.87,29131.58,29230.11,11656781982.0,568365621733.0
2023-08-01,29230.87,29675.73,28657.02,29675.73,18272392391.0,577056102933.0
2023-08-02,29704.15,29988.0,28946.51,29151.96,19212655598.0,566898832325.0
2023-08-03,29161.81,29375.71,28959.49,29178.68,12780357746.0,567446140509.0
2023-08-04,29174.38,29302.08,28885.34,29074.09,12036639988.0,565434912960.0
2023-08-05,29075.39,29102.47,28957.8,29042.13,6598366353.0,564840485746.0
2023-08-06,29043.7,29160.82,28963.83,29041.86,7269806994.0,564864625278.0
2023-08-07,29038.51,29244.28,28724.14,29180.58,13618163710.0,567589047795.0
2023-08-08,29180.02,30176.8,29113.81,29765.49,17570561357.0,578990356569.0
2023-08-09,29766.7,30093.44,29376.8,29561.49,18379521213.0,575052155347.0
2023-08-10,29563.97,29688.56,29354.45,29429.59,11865344789.0,572509489794.0
2023-08-11,29424.9,29517.77,29253.52,29397.72,10195168197.0,571917121194.0
2023-08-12,29399.79,29465.11,29357.59,29415.96,6194358008.0,572302297645.0
2023-08-13,29416.59,29441.43,29265.81,29282.91,7329897180.0,569738074810.0
2023-08-14,29283.26,29660.25,29124.11,29408.44,14013695304.0,572212182982.0
2023-08-15,29408.05,29439.12,29088.85,29170.35,12640195779.0,567610646871.0
2023-08-16,29169.07,29221.98,28701.78,28701.78,14949271904.0,558522450868.0
2023-08-17,28699.8,28745.95,25409.11,26664.55,31120851211.0,518904301901.0
2023-08-18,26636.08,26808.2,25668.92,26049.56,24026236529.0,506957746774.0
2023-08-19,26047.83,26249.45,25802.41,26096.2,10631443812.0,507889708784.0
2023-08-20,26096.86,26260.68,26004.32,26189.58,9036580420.0,509733936200.0
2023-08-21,26188.69,26220.2,25846.09,26124.14,13371557893.0,508487129876.0
2023-08-22,26130.75,26135.51,25520.73,26031.66,14503820706.0,506709265108.0
2023-08-23,26040.47,26786.9,25805.0,26431.64,16985265785.0,514519784075.0
2023-08-24,26431.52,26554.91,25914.93,26162.37,12871532023.0,509301597241.0
2023-08-25,26163.68,26248.1,25786.81,26047.67,12406045118.0,507090156467.0
2023-08-26,26047.24,26107.38,25983.88,26008.46,6034817316.0,506348824288.0
2023-08-27,26008.24,26165.37,25965.1,26089.69,6913768611.0,507949530131.0
2023-08-28,26089.61,26198.58,25880.6,26106.15,11002805166.0,508288516574.0
2023-08-29,26102.49,28089.34,25912.63,27727.39,29368391712.0,539882481562.0
2023-08-30,27726.08,27760.16,27069.21,27297.27,16343655235.0,531528938704.0
2023-08-31,27301.93,27456.08,25752.93,25931.47,20181001451.0,504957555551.0
2023-09-01,25934.02,26125.87,25362.61,25800.72,17202862221.0,502435875824.0
2023-09-02,25800.91,25970.28,25753.09,25868.8,10100387473.0,503786436421.0
2023-09-03,25869.47,26087.15,25817.03,25969.57,8962524523.0,505774022624.0
2023-09-04,25968.17,26081.52,25657.03,25812.42,10680635106.0,502737261225.0
2023-09-05,25814.96,25858.37,25589.99,25779.98,11094740040.0,502126527594.0
2023-09-06,25783.93,25953.02,25404.36,25753.24,12752705327.0,501626995525.0
2023-09-07,25748.31,26409.3,25608.2,26240.19,11088307100.0,511135039201.0
2023-09-08,26245.21,26414.01,25677.48,25905.65,10817356400.0,504640503023.0
2023-09-09,25905.42,25921.98,25810.5,25895.68,5481314132.0,504470470463.0
2023-09-10,25895.21,25978.13,25640.26,25832.23,7899553047.0,503258420290.0
2023-09-11,25831.72,25883.95,24930.3,25162.66,14600006467.0,490238023957.0
2023-09-12,25160.66,26451.94,25133.08,25833.34,18657279324.0,503327969521.0
2023-09-13,25837.55,26376.11,25781.12,26228.32,13072077070.0,511047406839.0
2023-09-14,26228.28,26774.62,26171.45,26539.67,13811359124.0,517140816824.0
2023-09-15,26533.82,26840.5,26240.7,26608.69,11479735788.0,518517274733.0
2023-09-16,26606.2,26754.77,26473.89,26568.28,7402031417.0,517755173479.0
2023-09-17,26567.93,26618.0,26445.08,26534.19,6774210670.0,517116820260.0
2023-09-18,26532.99,27414.73,26415.52,26754.28,15615339655.0,521431894478.0
2023-09-19,26760.85,27488.76,26681.61,27211.12,13807690550.0,530358455132.0
2023-09-20,27210.23,27379.51,26864.08,27132.01,13281116604.0,528841974546.0
2023-09-21,27129.84,27152.94,26389.3,26567.63,13371443708.0,517864270863.0
2023-09-22,26564.06,26726.08,26495.53,26579.57,10578746709.0,518118003344.0
2023-09-23,26578.56,26634.19,26520.52,26579.39,7404700301.0,518140112048.0
2023-09-24,26579.37,26716.06,26221.05,26256.83,8192867686.0,511876976254.0
2023-09-25,26253.78,26421.51,26011.47,26298.48,11997833257.0,512712185602.0
2023-09-26,26294.76,26389.88,26090.71,26217.25,9985498161.0,511151155987.0
2023-09-27,26209.5,26817.84,26111.46,26352.72,11718380997.0,513818515485.0
2023-09-28,26355.81,27259.5,26327.32,27021.55,14079002707.0,526883682824.0
2023-09-29,27024.84,27225.94,26721.76,26911.72,10396435377.0,524766460979.0
2023-09-30,26911.69,27091.8,26888.97,26967.92,5331172801.0,525885640460.0
2023-10-01,26967.4,28047.24,26965.09,27983.75,9503917434.0,545719315434.0
2023-10-02,27976.8,28494.46,27347.79,27530.78,19793041322.0,536912579985.0
2023-10-03,27508.25,27667.19,27216.0,27429.98,11407814187.0,534975274336.0
2023-10-04,27429.07,27826.66,27248.11,27799.39,11143355314.0,542203190963.0
2023-10-05,27798.65,28091.86,27375.6,27415.91,11877253670.0,534747363212.0
2023-10-06,27412.12,28252.54,27215.55,27946.6,13492391599.0,545126652148.0
2023-10-07,27946.78,28028.09,27870.42,27968.84,6553044316.0,545589873921.0
2023-10-08,27971.68,28102.17,27740.66,27935.09,7916875290.0,544957531994.0
2023-10-09,27934.47,27989.47,27302.56,27583.68,12007668568.0,538127916933.0
2023-10-10,27589.2,27715.85,27301.66,27391.02,9973350678.0,534398434702.0
2023-10-11,27392.08,27474.12,26561.1,26873.32,13648094333.0,524325019034.0
2023-10-12,26873.29,26921.44,26558.32,26756.8,9392909295.0,522077986121.0
2023-10-13,26752.88,27092.7,26686.32,26862.38,15165312851.0,524162174274.0
2023-10-14,26866.2,26969.0,26814.59,26861.71,5388116782.0,524174123666.0
2023-10-15,26858.01,27289.17,26817.89,27159.65,7098201980.0,530017041636.0
2023-10-16,27162.63,29448.14,27130.47,28519.47,27833876539.0,556577526993.0
2023-10-17,28522.1,28618.75,28110.19,28415.75,14872527508.0,554581972707.0
2023-10-18,28413.53,28889.01,28174.25,28328.34,12724128586.0,552901231268.0
2023-10-19,28332.42,28892.47,28177.99,28719.81,14448058195.0,560568426319.0
2023-10-20,28732.81,30104.09,28601.67,29682.95,21536125230.0,579392054001.0
2023-10-21,29683.38,30287.48,29481.75,29918.41,11541146996.0,584015234382.0
2023-10-22,29918.66,30199.43,29720.31,29993.9,10446520040.0,585517392722.0
2023-10-23,30140.68,34370.44,30097.83,33086.23,38363572311.0,645916652811.0
2023-10-24,33077.3,35150.43,32880.76,33901.53,44934999645.0,661859706506.0
2023-10-25,33916.04,35133.76,33709.11,34502.82,25254318008.0,673629831821.0
2023-10-26,34504.29,34832.91,33762.32,34156.65,19427195376.0,666904079222.0
2023-10-27,34156.5,34238.21,33416.89,33909.8,16418032871.0,662115721497.0
2023-10-28,33907.72,34399.39,33874.8,34089.58,10160330825.0,665660534679.0
2023-10-29,34089.37,34743.26,33947.57,34538.48,11160323986.0,674455804210.0
2023-10-30,34531.74,34843.94,34110.97,34502.36,17184860315.0,673783741122.0
2023-10-31,34500.08,34719.25,34083.31,34667.78,15758270810.0,677047621125.0
2023-11-01,34657.28,35527.93,34170.69,35437.25,22446272005.0,692109682986.0
2023-11-02,35441.58,35919.84,34401.57,34938.24,20998158544.0,682394289861.0
2023-11-03,34942.47,34942.47,34133.44,34732.33,17158456701.0,678402411404.0
2023-11-04,34736.32,35256.03,34616.69,35082.2,9561294264.0,685272381015.0
2023-11-05,35090.01,35340.34,34594.24,35049.36,12412743996.0,684667682721.0
2023-11-06,35044.79,35286.03,34765.36,35037.37,12693436420.0,684460477854.0
2023-11-07,35047.79,35892.42,34545.82,35443.56,18834737789.0,692425627404.0
2023-11-08,35419.48,35994.42,35147.8,35655.28,17295394918.0,696595346035.0
2023-11-09,35633.63,37926.26,35592.1,36693.12,37762672382.0,716902433923.0
2023-11-10,36702.25,37493.8,36362.76,37313.97,22711265155.0,729069481964.0
2023-11-11,37310.07,37407.09,36773.67,37138.05,13924272142.0,725668445885.0
2023-11-12,37133.99,37227.69,36779.12,37054.52,11545715999.0,724074263173.0
2023-11-13,37070.31,37405.12,36399.61,36502.36,19057712790.0,713311947480.0
2023-11-14,36491.79,36753.35,34948.5,35537.64,23857403554.0,694491212462.0
2023-11-15,35548.11,37964.89,35383.78,37880.58,27365821679.0,740312548128.0
2023-11-16,37879.98,37934.63,35545.47,36154.77,26007385366.0,706617161805.0
2023-11-17,36164.82,36704.48,35901.24,36596.68,22445028430.0,715288296430.0
2023-11-18,36625.37,36839.28,36233.31,36585.7,11886022717.0,715107332423.0
2023-11-19,36585.77,37509.36,36414.6,37386.55,12915986553.0,730802775304.0
2023-11-20,37374.07,37756.82,36882.53,37476.96,20888209068.0,732607478252.0
2023-11-21,37469.16,37631.14,35813.81,35813.81,25172163756.0,700129319723.0
2023-11-22,35756.55,37856.98,35670.97,37432.34,24397247860.0,731805245916.0
2023-11-23,37420.43,37643.92,36923.86,37289.62,14214948217.0,729048665033.0
2023-11-24,37296.32,38415.34,37261.61,37720.28,22922957823.0,737506220401.0
2023-11-25,37721.41,37892.43,37617.42,37796.79,9099571165.0,739040907500.0
2023-11-26,37796.83,37820.3,37162.75,37479.12,13744796068.0,732864171271.0
2023-11-27,37454.19,37559.35,36750.13,37254.17,19002925720.0,728495474098.0
2023-11-28,37247.99,38368.48,36891.09,37831.09,21696137014.0,739813120656.0
2023-11-29,37826.11,38366.11,37612.63,37858.49,20728546658.0,740379866134.0
2023-11-30,37861.12,38141.75,37531.14,37712.75,18115982627.0,737560917366.0
2023-12-01,37718.01,38954.11,37629.36,38688.75,23512784002.0,756690015948.0
2023-12-02,38689.28,39678.94,38652.6,39476.33,15534035612.0,772125221563.0
2023-12-03,39472.21,40135.6,39298.17,39978.39,15769696322.0,781986059221.0
2023-12-04,39978.63,42371.75,39978.63,41980.1,39856129827.0,821180324322.0
2023-12-05,41986.26,44408.67,41421.15,44080.65,36312154535.0,862310043284.0
2023-12-06,44080.02,44265.77,43478.08,43746.45,29909761586.0,855807598358.0
2023-12-07,43769.13,44042.59,42880.65,43292.66,27635760671.0,846962790499.0
2023-12-08,43293.13,44705.52,43125.3,44166.6,24421116687.0,864097723185.0
2023-12-09,44180.02,44361.26,43627.6,43725.99,17368210171.0,855518589114.0
2023-12-10,43728.38,44034.62,43593.28,43779.7,13000481418.0,856608048217.0
2023-12-11,43792.02,43808.37,40234.58,41243.83,40632672038.0,807028644889.0
2023-12-12,41238.73,42048.3,40667.56,41450.22,24779520132.0,811106735270.0
2023-12-13,41468.47,43429.78,40676.87,42890.74,26797884674.0,839333709179.0
2023-12-14,42884.26,43390.86,41767.09,43023.97,25578530178.0,841983433932.0
2023-12-15,43028.25,43087.82,41692.97,41929.76,19639442462.0,820610949396.0
2023-12-16,41937.74,42664.95,41723.11,42240.12,14386729590.0,826722808112.0
2023-12-17,42236.11,42359.5,41274.54,41364.67,16678702876.0,809628537784.0
2023-12-18,41348.2,42720.3,40530.26,42623.54,25224642008.0,834312073586.0
2023-12-19,42641.51,43354.3,41826.34,42270.53,23171001281.0,827447113190.0
2023-12-20,42261.3,44275.59,42223.82,43652.25,27868908174.0,854532316614.0
2023-12-21,43648.12,44240.67,43330.05,43869.15,22452766169.0,858819785955.0
2023-12-22,43868.99,44367.96,43441.97,43997.9,21028503216.0,861384314119.0
2023-12-23,44012.2,44015.7,43351.36,43739.54,13507796558.0,856371815374.0
2023-12-24,43728.37,43945.52,42786.92,43016.12,18830554085.0,842253948410.0
2023-12-25,43010.57,43765.09,42765.77,43613.14,21115795370.0,853982087896.0
2023-12-26,43599.85,43603.18,41676.49,42520.4,30026850982.0,832620130498.0
2023-12-27,42518.47,43683.16,42167.58,43442.85,25260941032.0,850720785458.0
2023-12-28,43468.2,43804.78,42318.55,42627.85,22992093014.0,834791614273.0
2023-12-29,42614.64,43124.33,41424.06,42099.4,26000021055.0,824484176969.0
2023-12-30,42091.75,42584.12,41556.23,42156.9,16013925945.0,825646829610.0
2023-12-31,42152.1,42860.94,41998.26,42265.19,16397498810.0,827811209384.0
2024-01-01,42280.24,44175.44,42214.98,44167.33,18426978443.0,865106026911.0
2024-01-02,44187.14,45899.71,44176.95,44957.97,39335274536.0,880631637170.0
2024-01-03,44961.6,45503.24,40813.53,42848.18,46342323118.0,839345928378.0
2024-01-04,42855.81,44770.02,42675.17,44179.92,30448091210.0,865482457123.0
2024-01-05,44192.98,44353.29,42784.72,44162.69,32336029347.0,865182724166.0
2024-01-06,44178.95,44227.63,43475.16,43989.19,16092503468.0,861821994191.0
2024-01-07,43998.46,44495.57,43662.23,43943.1,19330573863.0,860951836726.0
2024-01-08,43948.71,47218.0,43244.08,46970.5,42746192015.0,920302445948.0
2024-01-09,46987.64,47893.7,45244.72,46139.73,39821290992.0,904067321453.0
2024-01-10,46121.54,47647.22,44483.15,46627.78,50114613298.0,913669280077.0
2024-01-11,46656.07,48969.37,45678.65,46368.59,45833734549.0,908639958361.0
2024-01-12,46354.79,46498.13,41903.77,42853.17,43332698900.0,839796421013.0
2024-01-13,42799.45,43234.66,42464.14,42842.38,20601860469.0,839627405357.0
2024-01-14,42842.26,43065.6,41724.61,41796.27,17521429522.0,819159863483.0
2024-01-15,41715.07,43319.72,41705.42,42511.97,22320220558.0,833216754804.0
2024-01-16,42499.34,43566.27,42086.0,43154.94,24062872740.0,845855247845.0
2024-01-17,43132.1,43189.89,42189.31,42742.65,20851232595.0,837804850464.0
2024-01-18,42742.31,42876.35,40631.17,41262.06,25218357242.0,808819115627.0
2024-01-19,41278.46,42134.16,40297.46,41618.41,25752407154.0,815839646533.0
2024-01-20,41624.59,41877.89,41446.82,41665.58,11586690904.0,816801167080.0
2024-01-21,41671.49,41855.37,41497.01,41545.78,9344043642.0,814488966036.0
2024-01-22,41553.65,41651.21,39450.12,39507.37,31338708143.0,774565393661.0
2024-01-23,39518.72,40127.35,38521.89,39845.55,29244553045.0,781234029911.0
2024-01-24,39877.6,40483.78,39508.8,40077.07,22359526178.0,785809931671.0
2024-01-25,40075.55,40254.48,39545.66,39933.81,18491782013.0,783046781498.0
2024-01-26,39936.82,42209.39,39825.69,41816.87,25598119893.0,820011355201.0
2024-01-27,41815.63,42195.63,41431.28,42120.06,11422941934.0,826001135532.0
2024-01-28,42126.13,42797.18,41696.91,42035.59,16858971687.0,824387868796.0
2024-01-29,42030.92,43305.87,41818.33,43288.25,20668476578.0,848995300208.0
2024-01-30,43300.23,43838.95,42711.37,42952.61,23842814518.0,842451754279.0
2024-01-31,42946.25,43717.4,42298.95,42582.61,24673628793.0,835231465697.0
2024-02-01,42569.76,43243.17,41879.19,43075.77,21423953779.0,844943939980.0
2024-02-02,43077.64,43422.49,42584.34,43185.86,18603843039.0,847154029605.0
2024-02-03,43184.96,43359.94,42890.81,42992.25,11169245236.0,843398823396.0
2024-02-04,42994.94,43097.64,42374.83,42583.58,14802225490.0,835421763160.0
2024-02-05,42577.62,43494.25,42264.82,42658.67,18715487317.0,836936067591.0
2024-02-06,42657.39,43344.15,42529.02,43084.67,16798476726.0,845338495831.0
2024-02-07,43090.02,44341.95,42775.96,44318.22,21126587775.0,869585299010.0
2024-02-08,44332.13,45575.84,44332.13,45301.57,26154524080.0,888921474481.0
2024-02-09,45297.38,48152.49,45260.82,47147.2,39316770844.0,925184504544.0
2024-02-10,47153.53,48146.17,46905.32,47771.28,16398681570.0,937476684153.0
2024-02-11,47768.97,48535.94,47617.41,48293.92,19315867136.0,947774152970.0
2024-02-12,48296.39,50280.48,47745.76,49958.22,34511985805.0,980490999415.0
2024-02-13,49941.36,50358.39,48406.5,49742.44,35593051468.0,976299863552.0
2024-02-14,49733.44,52021.37,49296.83,51826.7,39105608050.0,1017254026224.0
2024-02-15,51836.78,52820.07,51371.63,51938.56,38564360533.0,1019499948270.0
2024-02-16,51937.73,52537.97,51641.37,52160.2,28180567298.0,1023893671410.0
2024-02-17,52161.68,52191.91,50669.67,51663.0,20009091006.0,1014181383159.0
2024-02-18,51661.97,52356.96,51233.71,52122.55,17595377311.0,1023243073518.0
2024-02-19,52134.81,52483.33,51711.82,51779.14,21362184346.0,1016544621994.0
2024-02-20,51777.73,52945.05,50792.31,52284.87,33353758256.0,1026519013526.0
2024-02-21,52273.54,52368.82,50671.76,51839.18,28624907020.0,1017814980563.0
2024-02-22,51854.65,52009.61,50926.29,51304.97,25413900611.0,1007369631450.0
2024-02-23,51283.9,51497.93,50561.78,50731.95,21427078270.0,996165857694.0
2024-02-24,50736.37,51684.19,50585.45,51571.1,15174077879.0,1012689168468.0
2024-02-25,51565.22,51950.03,51306.17,51733.24,15413239245.0,1015926591604.0
2024-02-26,51730.54,54938.17,50931.03,54522.4,34074411896.0,1070743961955.0
2024-02-27,54519.36,57537.84,54484.2,57085.37,49756832031.0,1121125657664.0
2024-02-28,57071.1,63913.13,56738.42,62504.79,83239156760.0,1227615937615.0
2024-02-29,62499.18,63585.64,60498.73,61198.38,65496611844.0,1202008882584.0
2024-03-01,61168.06,63155.1,60802.53,62440.63,40186368423.0,1226468270481.0
2024-03-02,62431.65,62458.7,61657.29,62029.85,23888473685.0,1218449164617.0
2024-03-03,62031.58,63230.21,61435.02,63167.37,26253811450.0,1240856664935.0
2024-03-04,63137.0,68537.03,62386.52,68330.42,70670471105.0,1342332633739.0
2024-03-05,68341.06,69170.63,59323.91,63801.2,102802940877.0,1252930339356.0
2024-03-06,63776.05,67637.93,62848.67,66106.8,68750229073.0,1298635184350.0
2024-03-07,66099.74,68029.92,65655.53,66925.48,46989543159.0,1315182056071.0
2024-03-08,66938.09,70083.05,66230.45,68300.1,59202881172.0,1341992893971.0
2024-03-09,68299.26,68673.06,68053.13,68498.88,21609650379.0,1346014614978.0
2024-03-10,68500.26,70005.2,68239.98,69019.79,35683977532.0,1356284493147.0
2024-03-11,69020.55,72850.71,67194.89,72123.9,65716656765.0,1417380747796.0
2024-03-12,72125.12,72825.66,68728.85,71481.29,62554434520.0,1404810311680.0
2024-03-13,71482.12,73637.47,71334.09,73083.5,48212536929.0,1436271822606.0
2024-03-14,73079.37,73750.07,68563.02,71396.59,59594605698.0,1403092953866.0
2024-03-15,71387.87,72357.13,65630.69,69403.77,78320453976.0,1363928841107.0
2024-03-16,69392.49,70046.27,64801.4,65315.12,46842198371.0,1283870289170.0
2024-03-17,65316.34,68845.72,64545.32,68390.62,44716864318.0,1343978205473.0
2024-03-18,68371.31,68897.13,66594.23,67548.59,49261579492.0,1328015048454.0
2024-03-19,67556.13,68106.93,61536.18,61912.77,74215844794.0,1217479093666.0
2024-03-20,61930.15,68115.26,60807.79,67913.67,66792634382.0,1335131959555.0
2024-03-21,67911.58,68199.99,64580.92,65491.39,44480350565.0,1287574561971.0
2024-03-22,65489.93,66623.75,62355.37,63778.76,41401116964.0,1254457600698.0
2024-03-23,63802.72,65976.4,63038.49,64062.2,24738964812.0,1259788729091.0
2024-03-24,64070.75,67622.76,63825.85,67234.17,27206630673.0,1322058484489.0
2024-03-25,67234.1,71162.59,66414.83,69958.81,42700139523.0,1375150091237.0
2024-03-26,69931.33,71535.74,69335.61,69987.84,36010437368.0,1376403313500.0
2024-03-27,69991.9,71727.68,68381.93,69455.34,40827113309.0,1365860349595.0
2024-03-28,69452.77,71546.02,68895.51,70744.95,34374900617.0,1391336144444.0
2024-03-29,70744.8,70913.1,69076.65,69892.83,25230851763.0,1374656364302.0
2024-03-30,69893.44,70355.49,69601.07,69645.31,17130241883.0,1369892136469.0
2024-03-31,69647.78,71377.78,69624.87,71333.65,20050941373.0,1403108244336.0
2024-04-01,71333.48,71342.09,68110.7,69702.15,34873527352.0,1371141394063.0
2024-04-02,69705.02,69708.38,64586.59,65446.97,50705240709.0,1287439112104.0
2024-04-03,65446.67,66914.32,64559.9,65980.81,34488018367.0,1297904385609.0
2024-04-04,65975.7,69291.25,65113.8,68508.84,34439527442.0,1347932221576.0
2024-04-05,68515.75,68725.76,66011.48,67837.64,33748230056.0,1334713625916.0
2024-04-06,67840.57,69629.6,67491.72,68896.11,19967785809.0,1355566990096.0
2024-04-07,68897.11,70284.43,68851.63,69362.55,21204930369.0,1364795785582.0
2024-04-08,69362.55,72715.36,69064.24,71631.36,37261432669.0,1409529731788.0
2024-04-09,71632.5,71742.51,68212.92,69139.02,36426900409.0,1360554169765.0
2024-04-10,69140.24,71093.43,67503.57,70587.88,38318601774.0,1388869502131.0
2024-04-11,70575.73,71256.24,69571.81,70060.61,30153382941.0,1378806199022.0
2024-04-12,70061.38,71222.74,65254.83,67195.86,44129299406.0,1322318848763.0
2024-04-13,67188.38,67931.43,60919.11,63821.47,52869738185.0,1256414309702.0
2024-04-14,63836.23,65824.43,62205.85,65738.72,49084320047.0,1293922154521.0
2024-04-15,65739.64,66878.65,62332.07,63426.21,43595917654.0,1248326445647.0
2024-04-16,63419.3,64355.67,61716.4,63811.86,42847528078.0,1256510316192.0
2024-04-17,63831.85,64486.36,59768.59,61276.69,41915247049.0,1206240184791.0
2024-04-18,61275.32,64125.69,60833.48,63512.75,36006307335.0,1250301972764.0
2024-04-19,63510.75,65481.6,59651.39,63843.57,49920425401.0,1257063743135.0
2024-04-20,63851.1,65442.46,63172.4,64994.44,23097485495.0,1279569409422.0
2024-04-21,64992.82,65723.24,64277.72,64926.64,20506644853.0,1278296008665.0
2024-04-22,64935.63,67233.96,64548.18,66837.68,28282686673.0,1315994975669.0
2024-04-23,66839.89,67199.24,65864.87,66407.27,24310975583.0,1307512895862.0
2024-04-24,66408.72,67075.37,63589.87,64276.9,30276655120.0,1265561280453.0
2024-04-25,64275.02,65275.21,62783.63,64481.71,32155786816.0,1269733248757.0
2024-04-26,64485.37,64789.66,63322.4,63755.32,24139372950.0,1255299007880.0
2024-04-27,63750.99,63898.36,62424.72,63419.14,19530783039.0,1248878755079.0
2024-04-28,63423.51,64321.48,62793.6,63113.23,17334827993.0,1242661116274.0
2024-04-29,63106.36,64174.88,61795.46,63841.12,26635912073.0,1257121259561.0
2024-04-30,63839.42,64703.33,59120.07,60636.86,37840840057.0,1193544962108.0
2024-05-01,60609.5,60780.5,56555.29,58254.01,48439780271.0,1147184157458.0
2024-05-02,58253.7,59602.3,56937.2,59123.43,32711813559.0,1164330817512.0
2024-05-03,59122.3,63320.5,58848.31,62889.84,33172023048.0,1238554321095.0
2024-05-04,62891.03,64494.96,62599.35,63891.47,20620477992.0,1258304781123.0
2024-05-05,63892.45,64610.89,62955.31,64031.13,18296164805.0,1261203911122.0
2024-05-06,64038.31,65494.9,62746.24,63161.95,28697928697.0,1243984877329.0
2024-05-07,63162.76,64390.46,62285.98,62334.82,25930730982.0,1227659657662.0
2024-05-08,62332.64,62986.08,60877.13,61187.94,26088172222.0,1205202182091.0
2024-05-09,61191.2,63404.92,60648.08,63049.96,25453338161.0,1241942293193.0
2024-05-10,63055.19,63446.74,60208.78,60792.78,27804954694.0,1197421098169.0
2024-05-11,60793.36,61451.15,60492.63,60793.71,13842272968.0,1197453013829.0
2024-05-12,60793.5,61818.15,60632.6,61448.39,13800459405.0,1210435745367.0
2024-05-13,61451.22,63422.66,60769.84,62901.45,27889181179.0,1239017433570.0
2024-05-14,62900.77,63092.13,61123.77,61552.79,28186271527.0,1212512959206.0
2024-05-15,61553.99,66454.45,61330.41,66267.49,39815167074.0,1305166889304.0
2024-05-16,66256.11,66712.43,64613.06,65231.58,31573077994.0,1285007856222.0
2024-05-17,65231.3,67459.46,65119.31,67051.87,28031279310.0,1321187121527.0
2024-05-18,67066.21,67387.33,66663.5,66940.8,16712277406.0,1318742415299.0
2024-05-19,66937.93,67694.3,65937.18,66278.37,19249094538.0,1305732230286.0
2024-05-20,66278.74,71483.57,66086.17,71448.2,43850655717.0,1407508223127.0
2024-05-21,71443.06,71946.46,69191.12,70136.53,46932005990.0,1381774907495.0
2024-05-22,70135.32,70623.69,68977.69,69122.34,32802561717.0,1361828325234.0
2024-05-23,69121.3,70041.27,66356.95,67929.56,41895680979.0,1338341012691.0
2024-05-24,67928.13,69220.29,66622.67,68526.1,29197308153.0,1350188278441.0
2024-05-25,68526.92,69579.32,68515.82,69265.94,15473071741.0,1364748567457.0
2024-05-26,69264.29,69506.23,68183.89,68518.09,15628433737.0,1349968658780.0
2024-05-27,68512.18,70597.88,68232.5,69394.55,25870990717.0,1367374775956.0
2024-05-28,69392.2,69514.64,67227.15,68296.22,32722265965.0,1345757548564.0
2024-05-29,68296.35,68852.46,67101.49,67578.09,26707072906.0,1331600056889.0
2024-05-30,67576.09,69500.54,67118.08,68364.99,29509712534.0,1347131845679.0
2024-05-31,68362.52,68999.57,66633.42,67489.61,27387283769.0,1329961627933.0
2024-06-01,67475.43,67839.77,67386.2,67706.94,11641495604.0,1334337260767.0
2024-06-02,67710.27,68409.17,67315.53,67751.6,17110588415.0,1335227914032.0
2024-06-03,67753.9,70230.82,66252.03,68804.78,32401285324.0,1355956442573.0
2024-06-04,68804.57,71047.41,68564.64,70567.77,33149696545.0,1390743617175.0
2024-06-05,70568.35,71735.41,70390.71,71082.82,32810771409.0,1400900832470.0
2024-06-06,71082.84,71625.74,70119.12,70757.17,25223152007.0,1394552080469.0
2024-06-07,70759.18,71907.85,68507.26,69342.59,36188381096.0,1366686633129.0
2024-06-08,69324.18,69533.32,69210.74,69305.77,14262185861.0,1365997475512.0
2024-06-09,69297.49,69817.52,69160.84,69647.99,13534028500.0,1372773642949.0
2024-06-10,69644.31,70146.07,69232.43,69512.28,20597699541.0,1370130002869.0
2024-06-11,69508.08,69549.42,66123.6,67332.03,37116136345.0,1327182056472.0
2024-06-12,67321.37,69977.89,66902.46,68241.18,34497940694.0,1345134120907.0
2024-06-13,68243.1,68365.78,66304.57,66756.4,28955204146.0,1315894956574.0
2024-06-14,66747.57,67294.65,65056.89,66011.09,27403884779.0,1301221571384.0
2024-06-15,66006.74,66402.19,65871.78,66191.0,14121265576.0,1304788441997.0
2024-06-16,66189.36,66894.84,66018.25,66639.05,13281140541.0,1313672583954.0
2024-06-17,66636.52,67188.32,65094.96,66490.29,30006354476.0,1310771374540.0
2024-06-18,66490.98,66556.7,64066.96,65140.74,39481285950.0,1284195191637.0
2024-06-19,65146.66,65695.35,64693.3,64960.3,21103423504.0,1280662535002.0
2024-06-20,64960.3,66438.96,64547.85,64828.66,25641109124.0,1278081520105.0
2024-06-21,64837.99,65007.55,62785.53,64096.2,26188171739.0,1263661931353.0
2024-06-22,64113.86,64760.36,63960.03,64252.58,9858198793.0,1266764455740.0
2024-06-23,64248.96,64491.7,63180.8,63180.8,11170471802.0,1245656822238.0
2024-06-24,63173.35,63292.53,58601.7,60277.41,43152133651.0,1188446806983.0
2024-06-25,60266.28,62258.26,60239.75,61804.64,29201215431.0,1218587029578.0
2024-06-26,61789.68,62434.14,60695.19,60811.28,22506003064.0,1199038781432.0
2024-06-27,60811.23,62293.86,60585.33,61604.8,21231745045.0,1214717875147.0
2024-06-28,61612.81,62126.1,59985.4,60320.14,24952866877.0,1189406366262.0
2024-06-29,60319.87,61097.62,60300.97,60887.38,12652903396.0,1200610071823.0
2024-06-30,60888.45,62892.83,60632.95,62678.29,17333226409.0,1235944779945.0
2024-07-01,62673.61,63777.23,62495.51,62851.98,25468379421.0,1239386428569.0
2024-07-02,62844.41,63203.36,61752.75,62029.02,20151616992.0,1223171892636.0
2024-07-03,62034.33,62187.7,59419.39,60173.92,29756701685.0,1186592344847.0
2024-07-04,60147.14,60399.67,56777.8,56977.7,41149609230.0,1123568935037.0
2024-07-05,57022.81,57497.15,53717.38,56662.37,55417544033.0,1117355596307.0
2024-07-06,56659.08,58472.55,56038.96,58303.54,20610320577.0,1149721701454.0
2024-07-07,58239.43,58371.12,55793.33,55849.11,20553359505.0,1101324021019.0
2024-07-08,55849.57,58131.34,54321.02,56705.1,39766159899.0,1118206962401.0
2024-07-09,56704.6,58239.2,56316.88,58009.23,27849512607.0,1143927440649.0
2024-07-10,58033.88,59359.43,57178.41,57742.49,26175260526.0,1138673101576.0
2024-07-11,57729.89,59299.43,57120.38,57344.91,28707803842.0,1130840802043.0
2024-07-12,57341.19,58532.55,56590.17,57899.47,25604805221.0,1141786144917.0
2024-07-13,57908.74,59787.08,57796.44,59231.95,17080061806.0,1168067978181.0
2024-07-14,59225.25,61329.53,59225.25,60787.79,22223416061.0,1198755021572.0
2024-07-15,60815.46,64870.15,60704.93,64870.15,38094526099.0,1279638364954.0
2024-07-16,64784.42,65354.34,62487.97,65097.15,41617346768.0,1284144530410.0
2024-07-17,65091.83,66066.73,63896.09,64118.79,32525071311.0,1264876808968.0
2024-07-18,64104.74,65104.66,63246.16,63974.07,27239305337.0,1262047185003.0
2024-07-19,63972.33,67442.64,63329.34,66710.15,37003855410.0,1316050877556.0
2024-07-20,66709.93,67610.73,66299.62,67163.64,19029581250.0,1325061487222.0
2024-07-21,67164.91,68372.91,65842.3,68154.52,26652190004.0,1344591292880.0
2024-07-22,68152.98,68480.06,66611.3,67585.25,42649109453.0,1333416492642.0
2024-07-23,67584.8,67779.02,65484.46,65927.67,35605668666.0,1300762573330.0
2024-07-24,65927.86,67113.98,65146.99,65372.13,27470942309.0,1289901286823.0
2024-07-25,65375.87,66112.42,63473.47,65777.22,38315761670.0,1297746222202.0
2024-07-26,65771.81,68207.6,65743.77,67912.06,30488630457.0,1340006377389.0
2024-07-27,67911.81,69398.51,66705.22,67813.34,34691905492.0,1338003104418.0
2024-07-28,67808.66,68301.85,67085.83,68255.87,18043166945.0,1346858598264.0
2024-07-29,68259.05,69987.54,66532.59,66819.92,40780682628.0,1318540566549.0
2024-07-30,66819.05,66987.67,65323.19,66201.02,31380492109.0,1306384437839.0
2024-07-31,66201.27,66810.21,64532.05,64619.25,31292785994.0,1275323104044.0
2024-08-01,64625.84,65593.24,62248.94,65357.5,40975554494.0,1289712080282.0
2024-08-02,65353.5,65523.22,61184.89,61415.06,43060875727.0,1212008164272.0
2024-08-03,61414.81,62148.37,59836.53,60680.09,31753030589.0,1197456370706.0
2024-08-04,60676.09,61062.99,57210.8,58116.98,31758917219.0,1146844860381.0
2024-08-05,58110.3,58268.83,49121.24,53991.46,108991085584.0,1065580794793.0
2024-08-06,53991.35,57059.92,53973.27,56034.32,49300484106.0,1106050307069.0
2024-08-07,56040.63,57726.88,54620.51,55027.46,41637562185.0,1086125591739.0
2024-08-08,55030.03,62673.76,54766.73,61710.14,45298472567.0,1218352191431.0
2024-08-09,61728.21,61751.86,59587.86,60880.11,33425553115.0,1201660191807.0
2024-08-10,60881.23,61464.51,60287.57,60945.81,15745822278.0,1202940345184.0
2024-08-11,60944.89,61778.66,58348.82,58719.48,22759754812.0,1159042118919.0
2024-08-12,58719.4,60680.33,57688.9,59354.51,37078637820.0,1171638477214.0
2024-08-13,59356.21,61572.4,58506.25,60609.57,30327698167.0,1196435943983.0
2024-08-14,60611.05,61687.76,58472.87,58737.27,29961696180.0,1159393319244.0
2024-08-15,58733.26,59838.65,56161.59,57560.1,35682112440.0,1136267308780.0
2024-08-16,57560.27,59847.36,57110.02,58894.1,29350938673.0,1162612186428.0
2024-08-17,58893.53,59694.67,58814.83,59478.97,13589684021.0,1173983398001.0
2024-08-18,59468.13,60262.72,58445.4,58483.96,17740625837.0,1154518920582.0
2024-08-19,58480.71,59612.66,57864.71,59493.45,25911207712.0,1174536992005.0
2024-08-20,59493.45,61396.33,58610.88,59012.79,31613400008.0,1165118855138.0
2024-08-21,59014.99,61834.35,58823.44,61175.19,32731154072.0,1207652524161.0
2024-08-22,61168.32,61408.11,59815.25,60381.91,27625734377.0,1192142090606.0
2024-08-23,60380.95,64947.06,60372.05,64094.36,42530509233.0,1265681609173.0
2024-08-24,64103.87,64513.79,63619.92,64178.99,21430585163.0,1267143884943.0
2024-08-25,64176.37,64996.42,63833.52,64333.54,18827683555.0,1270273035259.0
2024-08-26,64342.23,64489.71,62849.56,62880.66,27682040631.0,1241593608804.0
2024-08-27,62879.71,63207.6,58116.75,59504.13,39103882198.0,1175040861568.0
2024-08-28,59507.92,60236.45,57890.68,59027.63,40289564698.0,1165584605051.0
2024-08-29,59027.47,61184.08,58786.23,59388.18,32224990582.0,1172740960640.0
2024-08-30,59388.6,59896.89,57768.53,59119.47,32292756405.0,1167450891056.0
2024-08-31,59117.48,59432.59,58768.78,58969.9,12403470760.0,1164522862133.0
2024-09-01,58969.8,59062.07,57217.82,57325.49,24592449997.0,1132107052433.0
2024-09-02,57326.97,59403.07,57136.03,59112.48,27036454524.0,1167274281774.0
2024-09-03,59106.19,59815.06,57425.17,57431.02,26666961053.0,1134203956919.0
2024-09-04,57430.35,58511.57,55673.16,57971.54,35627680312.0,1144922067906.0
2024-09-05,57971.7,58300.58,55712.45,56160.49,31030280656.0,1109173176845.0
2024-09-06,56160.19,56976.11,52598.7,53948.75,49361693566.0,1065529160549.0
2024-09-07,53949.09,54838.15,53740.07,54139.69,19061486526.0,1069483234366.0
2024-09-08,54147.93,55300.86,53653.76,54841.57,18268287531.0,1083415774483.0
2024-09-09,54851.89,58041.12,54598.43,57019.53,34618096173.0,1126266856955.0
2024-09-10,57020.1,58029.98,56419.41,57648.71,28857630507.0,1138738372573.0
2024-09-11,57650.29,57991.32,55567.34,57343.17,37049062672.0,1132692864305.0
2024-09-12,57343.17,58534.36,57330.1,58127.01,33835707949.0,1148268024284.0
2024-09-13,58130.32,60648.02,57650.11,60571.3,32490528356.0,1196466210708.0
2024-09-14,60569.12,60656.72,59517.88,60005.12,16428405496.0,1185265247316.0
2024-09-15,60000.73,60381.92,58696.31,59182.84,18120960867.0,1169182849929.0
2024-09-16,59185.23,59205.51,57501.34,58192.51,32032822113.0,1149595000633.0
2024-09-17,58192.51,61316.09,57628.07,60308.54,38075570118.0,1191434667558.0
2024-09-18,60309.0,61664.07,59218.25,61649.68,40990702891.0,1217976155885.0
2024-09-19,61651.16,63872.44,61609.87,62940.46,42710252573.0,1243489914824.0
2024-09-20,62941.43,64119.53,62364.61,63192.98,35177164222.0,1248317992551.0
2024-09-21,63184.34,63543.36,62783.11,63394.84,14408616220.0,1252541488640.0
2024-09-22,63396.8,63993.42,62440.73,63648.71,20183348802.0,1257434508161.0
2024-09-23,63643.1,64733.56,62628.08,63329.8,31400285425.0,1251214895782.0
2024-09-24,63326.84,64695.22,62737.42,64301.97,29938335243.0,1270523906052.0
2024-09-25,64302.59,64804.5,62945.38,63143.15,25078377700.0,1247551422563.0
2024-09-26,63138.55,65790.8,62669.27,65181.02,36873129847.0,1287929596336.0
2024-09-27,65180.67,66480.69,64852.99,65790.66,32058813449.0,1300039501550.0
2024-09-28,65792.18,66255.53,65458.03,65887.65,15243637984.0,1301977287120.0
2024-09-29,65888.9,66069.35,65450.01,65635.31,14788214575.0,1296984728119.0
2024-09-30,65634.66,65635.05,62873.62,63329.5,37112957475.0,1251461875406.0
2024-10-01,63335.6,64110.98,60189.28,60837.01,50220923500.0,1202222321938.0
2024-10-02,60836.32,62357.69,59996.95,60632.79,40762722398.0,1198224649901.0
2024-10-03,60632.49,61469.04,59878.8,60759.4,36106447279.0,1200668382436.0
2024-10-04,60754.63,62465.99,60459.94,62067.48,29585472513.0,1226647958541.0
2024-10-05,62067.61,62371.02,61689.58,62089.95,13305410749.0,1227021845844.0
2024-10-06,62084.99,62959.57,61833.15,62818.95,14776233667.0,1241559389622.0
2024-10-07,62819.11,64443.71,62152.55,62236.66,34253562610.0,1229782194408.0
2024-10-08,62221.65,63174.31,61843.56,62131.97,28134475157.0,1228037977785.0
2024-10-09,62131.73,62508.84,60314.61,60582.1,27670982363.0,1197429647367.0
2024-10-10,60581.93,61236.72,58895.21,60274.5,30452813570.0,1191400599851.0
2024-10-11,60275.46,63400.87,60046.13,62445.09,30327141594.0,1234303474603.0
2024-10-12,62444.62,63448.78,62443.27,63193.02,16744110886.0,1249123856891.0
2024-10-13,63192.94,63272.65,62035.64,62851.37,18177529690.0,1242341595991.0
2024-10-14,62848.4,66482.49,62442.15,66046.13,43706958056.0,1305664072036.0
2024-10-15,66050.37,67881.68,64809.2,67041.11,48863870879.0,1325307318852.0
2024-10-16,67042.46,68375.29,66758.73,67612.72,38195189534.0,1336696892492.0
2024-10-17,67617.08,67912.21,66647.39,67399.83,32790898511.0,1332816990035.0
2024-10-18,67419.11,68969.75,67177.82,68418.79,36857165014.0,1352611490621.0
2024-10-19,68418.98,68668.01,68024.64,68362.73,14443497908.0,1351535266983.0
2024-10-20,68364.18,69359.01,68105.72,69001.71,18975847518.0,1364212669154.0
2024-10-21,69002.0,69462.74,66829.85,67367.85,37498611780.0,1331798086167.0
2024-10-22,67360.7,67801.58,66581.37,67361.4,31808472566.0,1331842439476.0
2024-10-23,67362.37,67402.74,65188.04,66432.2,32263980353.0,1313495275869.0
2024-10-24,66653.7,68798.96,66454.1,68161.05,31414428647.0,1347797865139.0
2024-10-25,68165.3,68722.16,65521.79,66642.41,41469984306.0,1317385748797.0
2024-10-26,66628.74,67317.92,66360.6,67014.7,19588098156.0,1325286022321.0
2024-10-27,67023.48,68221.31,66847.22,67929.3,16721307878.0,1343230761708.0
2024-10-28,67922.67,70212.27,67535.13,69907.75,38799856657.0,1382358128595.0
2024-10-29,69910.05,73577.21,69729.92,72720.49,58541874402.0,1437942445620.0
2024-10-30,72715.37,72905.3,71411.74,72339.54,40646637831.0,1430461157911.0
2024-10-31,72335.04,72662.31,69590.5,70215.19,40627912076.0,1388607599014.0
2024-11-01,70216.9,71559.02,68779.7,69482.47,49989795365.0,1374187711281.0
2024-11-02,69486.02,69867.35,69033.72,69289.28,18184612091.0,1370468034066.0
2024-11-03,69296.38,69361.66,67482.53,68741.12,34868307655.0,1359535744745.0
2024-11-04,68742.13,69433.18,66803.65,67811.51,41184819348.0,1341156657449.0
2024-11-05,67811.17,70522.79,67458.87,69359.57,46046889204.0,1371788058011.0
2024-11-06,69358.5,76460.15,69322.03,75639.08,118592653963.0,1496003893299.0
2024-11-07,75637.08,76943.12,74480.42,75904.86,63467654989.0,1501297989025.0
2024-11-08,75902.83,77252.75,75648.74,76545.48,55176858003.0,1514255354916.0
2024-11-09,76556.19,76932.76,75773.79,76778.87,29009480361.0,1518690764417.0
2024-11-10,76775.54,81474.42,76565.43,80474.19,82570594495.0,1591750610706.0
2024-11-11,80471.41,89604.5,80283.25,88701.49,117966845037.0,1754682553470.0
2024-11-12,88705.56,89956.88,85155.11,87955.81,133673285375.0,1739381625717.0
2024-11-13,87929.97,93434.36,86256.93,90584.17,123559027869.0,1791737553114.0
2024-11-14,90574.88,91765.22,86682.82,87250.43,87616705248.0,1727562262252.0
2024-11-15,87284.18,91868.74,87124.9,91066.01,78243109518.0,1801436194835.0
2024-11-16,91064.37,91763.95,90094.23,90558.48,44333192814.0,1791535825198.0
2024-11-17,90558.46,91433.04,88741.67,89845.85,46350159305.0,1777526304284.0
2024-11-18,89843.72,92596.79,89393.59,90542.64,75535775084.0,1791255587562.0
2024-11-19,90536.81,94002.87,90426.99,92343.79,74521048295.0,1826956673335.0
2024-11-20,92341.89,94902.02,91619.5,94339.5,71730956426.0,1866427425876.0
2024-11-21,94334.64,99014.21,94132.6,98504.73,106024505582.0,1948797365353.0
2024-11-22,98496.43,99655.5,97222.67,98997.66,78473580551.0,1958954432127.0
2024-11-23,99006.74,99014.68,97232.89,97777.28,44414644677.0,1934627418210.0
2024-11-24,97778.1,98647.18,95788.08,98013.82,51712020623.0,1937919789263.0
2024-11-25,98033.44,98935.03,92642.91,93102.3,80909462490.0,1842257290731.0
2024-11-26,93087.28,94991.75,90770.82,91985.32,91656519855.0,1820053564596.0
2024-11-27,91978.14,97361.18,91778.66,95962.53,71133452438.0,1898774680758.0
2024-11-28,95954.94,96650.2,94677.35,95652.47,52260008261.0,1892868519536.0
2024-11-29,95653.95,98693.17,95407.89,97461.52,54968682476.0,1928820661174.0
2024-11-30,97468.81,97499.34,96144.22,96449.06,31634227866.0,1908652965665.0
2024-12-01,96461.34,97888.13,95770.18,97279.79,36590695296.0,1924784957144.0
2024-12-02,97276.01,98152.6,94482.86,95865.3,72680784305.0,1896994040043.0
2024-12-03,95854.6,96297.2,93629.56,96002.16,67067810961.0,1899532461067.0
2024-12-04,95988.53,99207.33,94660.52,98768.53,77199817112.0,1954156097012.0
2024-12-05,98741.54,103900.47,91998.78,96593.57,149218945580.0,1911777565577.0
2024-12-06,97074.22,102039.88,96514.88,99920.71,94534772658.0,1977630964721.0
2024-12-07,99916.71,100563.38,99030.89,99923.34,44177510897.0,1977521445640.0
2024-12-08,99921.92,101399.99,98771.51,101236.01,44125751925.0,2003538950158.0
2024-12-09,101237.06,101272.5,94355.91,97432.72,110676473908.0,1928513648652.0
2024-12-10,97441.23,98270.15,94321.26,96675.43,104823780634.0,1913235117589.0
2024-12-11,96656.06,101913.36,95747.23,101173.03,85391409936.0,2002682634623.0
2024-12-12,101167.81,102524.91,99339.95,100043.0,72073983533.0,1980440555379.0
2024-12-13,100046.65,101888.81,99233.28,101459.25,56894751583.0,2008423637064.0
2024-12-14,101451.44,102618.88,100634.06,101372.97,40422968793.0,2006808502978.0
2024-12-15,101373.53,105047.54,101227.03,104298.7,51145914137.0,2065144333081.0
2024-12-16,104293.58,107780.58,103322.98,106029.72,91020417816.0,2099101774990.0
2024-12-17,106030.69,108268.45,105291.74,106140.6,68589364868.0,2101344621530.0
2024-12-18,106147.3,106470.61,100041.54,100041.54,93865656139.0,1982994456166.0
2024-12-19,100070.69,102748.15,95587.68,97490.95,97221662392.0,1930044053238.0
2024-12-20,97484.7,98098.91,92175.18,97755.93,105634083408.0,1935459460469.0
2024-12-21,97756.19,99507.1,96426.52,97224.73,51765334294.0,1924861940276.0
2024-12-22,97218.32,97360.26,94202.19,95104.93,43147981314.0,1882953315399.0
2024-12-23,95099.39,96416.21,92403.13,94686.24,65239002919.0,1875314065985.0
2024-12-24,94684.35,99404.06,93448.01,98676.1,47114953674.0,1953851713517.0
2024-12-25,98675.91,99478.75,97593.47,99299.19,33700394629.0,1966210082591.0
2024-12-26,99297.7,99884.57,95137.89,95795.52,47054980873.0,1896937576269.0
2024-12-27,95704.97,97294.85,93310.74,94164.86,52419934565.0,1864541907464.0
2024-12-28,94160.19,95525.9,94014.29,95163.93,24107436185.0,1884684226460.0
2024-12-29,95174.06,95174.88,92881.79,93530.23,29635885267.0,1852119372624.0
2024-12-30,93527.2,94903.32,91317.14,92643.21,56188003691.0,1834643033989.0
2024-12-31,92643.25,96090.6,91914.03,93429.2,43625106843.0,1850183342119.0
2025-01-01,93425.1,94929.86,92788.13,94419.76,24519888919.0,1869850163161.0
2025-01-02,94416.29,97739.82,94201.57,96886.88,46009564411.0,1918730145567.0
2025-01-03,96881.73,98956.92,96034.61,98107.43,35611391163.0,1943222658412.0
2025-01-04,98106.99,98734.43,97562.98,98236.23,22342608078.0,1945654462825.0
2025-01-05,98233.91,98813.31,97291.76,98314.96,20525254825.0,1947189546144.0
2025-01-06,98314.96,102482.87,97926.15,102078.09,51823432705.0,2021809968109.0
2025-01-07,102248.85,102712.49,96132.87,96922.71,58685738547.0,1919787500379.0
2025-01-08,96924.16,97258.32,92525.84,95043.52,63875859171.0,1882572360733.0
2025-01-09,95043.49,95349.72,91220.84,92484.04,62777261693.0,1832169140188.0
2025-01-10,92494.49,95770.61,92250.09,94701.46,62058693684.0,1875885466613.0
2025-01-11,94700.84,94977.69,93840.04,94566.59,18860894100.0,1873237899879.0
2025-01-12,94565.73,95367.54,93712.51,94488.44,20885130965.0,1871766465336.0
2025-01-13,94488.89,95837.0,89260.1,94516.53,72978998252.0,1872375406198.0
2025-01-14,94519.01,97352.66,94322.15,96534.04,53769675818.0,1912474167257.0
2025-01-15,96534.05,100697.23,96501.64,100504.49,57805923627.0,1991112409561.0
2025-01-16,100505.3,100781.59,97364.44,99756.91,54103781805.0,1975939538074.0
2025-01-17,100025.77,105884.23,99948.91,104462.04,71888972663.0,2069344681720.0
2025-01-18,104124.95,104913.21,102226.62,104408.07,50445655726.0,2068581942438.0
2025-01-19,104411.29,106299.8,99570.53,101089.61,76789928525.0,2002715800503.0
2025-01-20,101083.75,109114.88,99471.36,102016.66,126279678351.0,2021959305141.0
2025-01-21,102052.58,107180.92,100103.96,106146.26,88733878242.0,2102915931217.0
2025-01-22,106136.38,106294.34,103360.27,103653.07,53878181052.0,2053851084718.0
2025-01-23,103657.67,106820.33,101257.8,103960.17,104104515428.0,2059818861177.0
2025-01-24,103965.67,107098.55,102772.12,104819.48,52388229265.0,2076961712719.0
2025-01-25,104824.03,105243.79,104120.38,104714.65,23888996502.0,2074559479002.0
2025-01-26,104713.21,105438.64,102507.71,102682.5,22543395879.0,2034705019961.0
2025-01-27,102680.3,103214.11,97795.94,102087.69,89006608428.0,2023052943646.0
2025-01-28,102095.42,103730.82,100238.19,101332.48,47180685494.0,2007518100050.0
2025-01-29,101317.53,104750.81,101283.82,103703.21,47432049818.0,2055183543946.0
2025-01-30,103709.34,106418.77,103321.65,104735.3,41915744521.0,2075653153143.0
2025-01-31,104737.56,106026.35,101543.88,102405.03,45732764360.0,2029428972448.0
2025-02-01,102402.8,102755.73,100297.71,100655.91,27757944848.0,1994943345106.0
2025-02-02,100661.54,101430.67,96216.08,97688.98,63091816853.0,1935746524005.0
2025-02-03,97681.1,102514.17,91242.89,101405.42,115400897748.0,2009571185331.0
2025-02-04,101398.72,101745.61,96208.11,97871.82,73002130211.0,1939247972760.0
2025-02-05,97878.01,99113.21,96174.83,96615.44,49125911241.0,1915013611807.0
2025-02-06,96610.64,99168.61,95707.35,96593.3,45302471947.0,1914349686278.0
2025-02-07,96581.32,100154.14,95653.89,96529.08,55741290456.0,1913405359443.0
2025-02-08,96533.26,96877.81,95702.49,96482.45,22447526395.0,1912426186152.0
2025-02-09,96481.32,97325.28,94745.26,96500.09,27732901800.0,1912827391516.0
2025-02-10,96499.46,98333.22,95320.84,97437.56,40078962391.0,1931740792091.0
2025-02-11,97438.13,98492.9,94875.04,95747.43,37488783272.0,1897964794815.0
2025-02-12,95745.69,98151.03,94101.2,97885.86,49340445530.0,1940242365477.0
2025-02-13,97888.75,98111.09,95269.71,96623.87,37147280860.0,1915447210573.0
2025-02-14,96623.37,98819.47,96342.81,97508.97,32697987277.0,1932948924496.0
2025-02-15,97508.38,97975.04,97240.2,97580.35,17047266288.0,1934520637925.0
2025-02-16,97580.49,97725.6,96060.98,96175.03,16536755396.0,1906779638967.0
2025-02-17,96179.0,97032.24,95243.54,95773.38,27336550690.0,1898793608529.0
2025-02-18,95773.82,96695.38,93388.83,95539.54,37325720482.0,1894092344725.0
2025-02-19,95532.53,96855.6,95011.97,96635.61,28990872862.0,1915897477170.0
2025-02-20,96632.68,98767.19,96442.67,98333.94,31668022771.0,1949797317941.0
2025-02-21,98340.67,99497.97,94852.96,96125.54,49608706470.0,1905832099166.0
2025-02-22,96134.2,96950.16,95765.34,96577.76,18353824477.0,1914928937300.0
2025-02-23,96577.8,96671.87,95270.45,96273.92,16999478976.0,1909022572746.0
2025-02-24,96277.96,96503.45,91371.74,91418.17,44046480529.0,1812835768649.0
2025-02-25,91437.11,92511.08,86008.23,88736.17,92139104128.0,1759577092443.0
2025-02-26,88638.89,89286.25,82131.9,84347.02,64597492134.0,1671143630992.0
2025-02-27,84076.86,87000.78,83144.96,84704.22,52659591954.0,1679717102161.0
2025-02-28,84705.63,85036.32,78248.92,84373.01,83610570576.0,1673219380516.0
2025-03-01,84373.86,86522.3,83794.23,86031.91,29190628396.0,1706160579762.0
2025-03-02,86036.26,95043.44,85040.21,94248.35,58398341092.0,1869318230178.0
2025-03-03,94248.42,94429.75,85081.3,86065.67,70072228536.0,1707124824346.0
2025-03-04,86064.07,88911.27,81529.24,87222.19,68095241474.0,1729669520137.0
2025-03-05,87222.95,90998.24,86379.77,90623.56,50498988027.0,1797288639505.0
2025-03-06,90622.36,92804.94,87852.14,89961.73,47749810486.0,1783797293239.0
2025-03-07,89963.28,91191.05,84717.68,86742.68,65945677657.0,1720278292433.0
2025-03-08,86742.65,86847.27,85247.48,86154.59,18206118081.0,1708770969531.0
2025-03-09,86154.31,86471.13,80052.49,80601.04,30899345977.0,1598204838669.0
2025-03-10,80597.15,83955.93,77420.59,78532.0,54061099422.0,1558443889891.0
2025-03-11,78523.87,83577.76,76624.25,82862.21,54702837196.0,1643251488719.0
2025-03-12,82857.38,84358.58,80635.25,83722.36,40353484454.0,1660115020073.0
2025-03-13,83724.92,84301.69,79931.85,81066.7,31412940153.0,1608729406184.0
2025-03-14,81066.99,85263.29,80797.56,83969.1,29588112414.0,1665855004855.0
2025-03-15,83968.41,84672.67,83639.59,84343.11,13650491277.0,1673151454912.0
2025-03-16,84333.32,85051.6,82017.9,82579.69,21330270174.0,1638135611739.0
2025-03-17,82576.33,84725.33,82492.15,84075.69,25092785558.0,1667916832028.0
2025-03-18,84075.72,84075.72,81179.99,82718.5,24095774594.0,1641034534668.0
2025-03-19,82718.8,87021.19,82569.73,86854.23,34931960257.0,1723489026417.0
2025-03-20,86872.95,87443.27,83647.19,84167.19,29028988961.0,1669793971946.0
2025-03-21,84164.54,84782.27,83171.07,84043.25,19030452299.0,1667338686342.0
2025-03-22,84046.26,84513.87,83674.78,83832.49,9863214091.0,1663232978817.0
2025-03-23,83831.9,86094.78,83794.91,86054.37,12594615537.0,1707315972975.0
2025-03-24,86070.93,88758.73,85541.2,87498.91,34582604933.0,1736502001565.0
2025-03-25,87512.82,88542.39,86346.08,87471.7,30005840049.0,1735384354258.0
2025-03-26,87460.24,88292.16,85861.46,86900.89,26704046038.0,1724236156701.0
2025-03-27,86896.25,87786.72,85837.93,87177.1,24413471941.0,1730010857472.0
2025-03-28,87185.23,87489.86,83557.64,84353.15,34198619509.0,1673833438274.0
2025-03-29,84352.07,84567.33,81634.14,82597.58,16969396135.0,1639041071993.0
2025-03-30,82596.98,83505.0,81573.25,82334.52,14763760943.0,1633897839688.0
2025-03-31,82336.06,83870.12,81293.89,82548.91,29004228247.0,1638221363683.0
2025-04-01,82551.92,85487.37,82429.36,85169.17,28175650319.0,1690423576120.0
2025-04-02,85180.61,88466.96,82343.54,82485.71,47584398470.0,1637022453253.0
2025-04-03,82487.48,83909.3,81282.1,83102.83,36852112080.0,1649221222255.0
2025-04-04,83100.25,84696.15,81670.75,83843.8,45157640207.0,1664044793035.0
2025-04-05,83844.7,84207.02,82377.74,83504.8,14380803631.0,1657340895729.0
2025-04-06,83504.51,83704.72,77097.74,78214.48,36294853736.0,1552514022965.0
2025-04-07,78221.33,81119.06,74436.68,79235.33,91262424987.0,1572341577873.0
2025-04-08,79218.47,80823.89,76198.02,76271.95,48314590749.0,1513925781250.0
2025-04-09,76273.56,83541.0,74589.67,82573.95,84213627038.0,1638855824944.0
2025-04-10,82565.97,82700.93,78456.13,79626.14,44718000633.0,1580516596819.0
2025-04-11,79625.05,84247.47,78936.32,83404.84,41656778779.0,1655577243581.0
2025-04-12,83404.52,85856.19,82769.38,85287.11,24258059104.0,1692832369411.0
2025-04-13,85279.47,86015.19,83027.0,83684.98,28796984817.0,1661414206576.0
2025-04-14,83694.52,85785.0,83690.64,84542.39,34090769777.0,1678232271828.0
2025-04-15,84539.69,86429.35,83598.82,83668.99,28040322885.0,1661094846851.0
2025-04-16,83674.51,85428.28,83100.62,84033.87,29617804112.0,1668203892788.0
2025-04-17,84030.67,85449.07,83749.75,84895.75,21276866029.0,1685506773681.0
2025-04-18,84900.19,85095.05,84298.88,84450.81,12728372364.0,1676621539020.0
2025-04-19,84450.87,85597.7,84353.46,85063.41,15259300427.0,1688872213416.0
2025-04-20,85066.07,85306.38,83976.85,85174.3,14664050812.0,1690999727673.0
2025-04-21,85171.54,88460.1,85143.84,87518.91,41396190190.0,1737698002467.0
2025-04-22,87521.87,93817.38,87084.53,93441.89,55899038456.0,1854997709160.0
2025-04-23,93427.59,94535.73,91962.96,93699.11,41719568821.0,1860287631188.0
2025-04-24,93692.4,94016.19,91696.71,93943.79,31483175315.0,1865529089321.0
2025-04-25,93954.25,95768.39,92898.59,94720.5,40915232364.0,1880786784724.0
2025-04-26,94714.65,95251.36,93927.25,94646.93,17612825123.0,1879642011225.0
2025-04-27,94660.91,95301.21,93665.4,93754.85,18090367764.0,1861696344787.0
2025-04-28,93755.3,95598.49,92860.81,94978.75,32363449569.0,1886098133222.0
2025-04-29,94981.86,95485.41,93796.63,94284.79,25806129921.0,1872332680248.0
2025-04-30,94286.47,95249.32,92979.64,94207.31,28344679831.0,1870909932834.0
2025-05-01,94212.86,97437.96,94153.63,96492.34,32875889623.0,1916269083425.0
2025-05-02,96494.97,97905.9,96375.95,96910.07,26421924677.0,1924452398321.0
2025-05-03,96904.63,96943.88,95821.29,95891.8,15775154889.0,1904096908524.0
2025-05-04,95877.18,96318.92,94173.43,94315.97,18198688416.0,1873204156311.0
2025-05-05,94319.56,95193.19,93566.26,94748.05,25816260327.0,1881770981024.0
2025-05-06,94748.39,96889.18,93399.86,96802.48,26551275827.0,1922564634928.0
2025-05-07,96800.19,97625.81,95829.33,97032.32,76983822462.0,1927258114966.0
2025-05-08,97034.25,103969.54,96913.87,103241.46,69895404397.0,2050549647766.0
2025-05-09,103239.13,104297.49,102343.09,102970.85,58198593958.0,2045331412614.0
2025-05-10,102973.71,104961.76,102830.48,104696.33,42276713994.0,2079681907130.0
2025-05-11,104701.07,104937.99,103364.74,104106.36,46285517406.0,2067926988012.0
2025-05-12,104106.96,105747.45,100814.4,102812.95,63250475404.0,2042262518124.0
2025-05-13,102812.49,104997.42,101515.09,104169.81,52608876410.0,2069217464299.0
2025-05-14,104167.33,104303.57,102618.3,103539.42,45956071155.0,2056779928150.0
2025-05-15,103538.83,104153.62,101440.81,103744.64,50408241840.0,2060734306805.0
2025-05-16,103735.66,104533.49,103137.48,103489.29,44386499364.0,2055844752494.0
2025-05-17,103489.29,103716.95,102659.18,103191.09,37898552742.0,2049838797923.0
2025-05-18,103186.96,106597.17,103142.6,106446.01,49887082058.0,2114273396995.0
2025-05-19,106430.53,107068.72,102112.69,105606.18,61761126647.0,2098071217513.0
2025-05-20,105605.41,107307.11,104206.52,106791.09,36515726122.0,2121681311978.0
2025-05-21,106791.31,110724.46,106127.23,109678.08,78086364051.0,2178990523382.0
2025-05-22,109673.49,111970.17,109285.07,111673.28,70157575642.0,2218898497874.0
2025-05-23,111679.36,111798.9,106841.3,107287.8,67548133399.0,2131510862105.0
2025-05-24,107278.51,109454.52,106895.29,107791.16,45903627163.0,2141965387828.0
2025-05-25,107802.27,109313.3,106683.37,109035.39,47518041841.0,2166289174480.0
2025-05-26,109023.78,110376.88,108735.64,109440.37,45950461571.0,2174618146067.0
2025-05-27,109440.41,110744.21,107609.56,108994.64,57450176272.0,2165759917665.0
2025-05-28,108992.17,109298.29,106812.93,107802.32,49155377493.0,2142032300751.0
2025-05-29,107795.57,108910.05,105374.4,105641.76,56022752042.0,2099378937279.0
2025-05-30,105646.21,106308.95,103685.79,103998.57,57655287183.0,2066610850556.0
2025-05-31,103994.72,104927.1,103136.11,104638.09,38997843858.0,2079433767579.0
2025-06-01,104637.3,105884.54,103826.96,105652.1,37397056873.0,2099597472488.0
2025-06-02,105649.81,105958.31,103727.55,105881.53,45819706290.0,2104387814851.0
2025-06-03,105888.47,106813.58,104920.84,105432.47,46196508367.0,2095409805426.0
2025-06-04,105434.37,105997.69,104232.7,104731.98,44544857105.0,2081863721656.0
2025-06-05,104750.78,105936.69,100436.89,101575.95,57479298400.0,2018776223605.0
2025-06-06,101574.37,105376.77,101169.57,104390.35,48856653697.0,2074795695701.0
2025-06-07,104390.64,105972.75,103987.31,105615.63,38365033776.0,2099226790871.0
2025-06-08,105617.51,106497.06,105075.33,105793.65,36626232328.0,2102766527056.0
2025-06-09,105793.02,110561.42,105400.23,110294.1,55903193732.0,2192310434433.0
2025-06-10,110295.69,110380.12,108367.71,110257.24,54700101509.0,2191694012366.0
2025-06-11,110261.8,110384.22,108086.33,108686.63,50842662052.0,2160417335560.0
2025-06-12,108685.91,108780.7,105785.69,105929.05,54843867968.0,2105569011167.0
2025-06-13,105924.59,106182.55,102822.03,106090.97,69550440846.0,2109216518328.0
2025-06-14,106108.09,106203.76,104379.37,105472.41,38007870453.0,2096430090986.0
2025-06-15,105464.84,106157.1,104519.88,105552.03,36744307742.0,2098234075783.0
2025-06-16,105555.59,108915.38,104997.62,106796.76,50366626945.0,2122853535352.0
2025-06-17,106794.12,107750.19,103396.53,104601.12,55964092176.0,2079279920320.0
2025-06-18,104602.07,105581.85,103602.26,104883.33,47318089133.0,2085154632114.0
2025-06-19,104886.77,105250.89,103940.78,104684.29,37333806920.0,2081173353267.0
2025-06-20,104681.03,106539.38,102372.21,103309.6,50951862476.0,2054066111076.0
2025-06-21,103315.08,104015.78,100973.06,102257.41,38360555118.0,2032178962105.0
2025-06-22,102212.03,103351.63,98286.21,100987.14,65536997201.0,2007868285979.0
2025-06-23,100987.47,106116.86,99705.75,105577.77,65237759656.0,2099045443833.0
2025-06-24,105571.52,106316.83,104740.24,106045.63,48822986421.0,2108544440918.0
2025-06-25,106047.4,108168.4,105881.39,107361.26,51624120283.0,2134992217055.0
2025-06-26,107375.07,108305.54,106666.35,106960.0,43891990613.0,2126689663377.0
2025-06-27,106954.92,107772.47,106449.99,107088.43,45353692675.0,2129424241709.0
2025-06-28,107090.55,107567.88,106883.97,107327.7,30037708335.0,2134192283383.0
2025-06-29,107327.82,108526.31,107230.11,108385.57,35534874438.0,2155239518940.0
2025-06-30,108383.44,108798.79,106759.65,107135.33,42064804590.0,2130649407201.0
2025-07-01,107144.38,107550.68,105270.23,105698.28,44110692247.0,2102033618559.0
2025-07-02,105703.1,109763.65,105157.4,108859.32,56248657737.0,2164564307569.0
2025-07-03,108845.01,110541.46,108605.8,109647.98,50494742270.0,2180339952810.0
2025-07-04,109635.66,109751.99,107296.38,108034.34,42616442656.0,2148181204989.0
2025-07-05,108015.84,108381.34,107842.28,108231.18,30615537520.0,2152514555350.0
2025-07-06,108231.18,109731.63,107847.02,109232.07,36746020463.0,2172541130548.0
2025-07-07,109235.33,109710.25,107527.06,108299.85,45415696597.0,2153955280582.0
2025-07-08,108298.23,109198.97,107499.56,108950.28,44282204127.0,2166970209726.0
2025-07-09,108950.28,111925.38,108357.68,111326.55,57927418065.0,2214343274521.0
2025-07-10,111329.2,116608.78,110660.75,115987.21,95911605728.0,2307032090295.0
2025-07-11,115986.23,118856.47,115245.69,117516.99,86928361085.0,2337810344521.0
2025-07-12,117530.71,118219.9,116977.02,117435.23,45524560304.0,2335905558931.0
2025-07-13,117432.2,119449.57,117265.44,119116.12,49021091807.0,2369444812889.0
2025-07-14,119115.79,123091.61,118959.2,119849.71,181746419401.0,2384182852790.0
2025-07-15,119853.85,119935.56,115765.69,117777.19,98321661181.0,2342931256280.0
2025-07-16,117777.19,120065.52,117064.82,118738.51,72162029070.0,2362105115509.0
2025-07-17,118738.51,120999.61,117508.22,119289.84,72363841798.0,2373010088203.0
2025-07-18,119284.11,120851.92,116925.98,118003.22,77945799785.0,2347478699403.0
2025-07-19,117998.13,118541.4,117388.41,117939.98,47564562765.0,2346457480606.0
2025-07-20,117944.11,118865.03,116550.14,117300.79,57515447231.0,2333823422030.0
2025-07-21,117306.47,119671.56,116584.4,117439.54,69820091744.0,2336270166955.0
2025-07-22,117426.5,120269.97,116233.23,119995.42,79217583118.0,2387475839646.0
2025-07-23,119997.44,120113.35,117391.39,118754.96,66608604537.0,2363126358024.0
2025-07-24,118770.98,119535.45,117247.97,118368.0,72627318560.0,2355161768777.0
2025-07-25,118368.0,118486.98,114759.82,117635.88,104857024569.0,2340833108361.0
2025-07-26,117644.84,118335.69,117181.23,117947.37,48508954046.0,2346856092637.0
2025-07-27,117944.73,119815.6,117859.69,119448.49,54683390892.0,2377006745710.0
2025-07-28,119457.52,119819.79,117441.44,117924.47,64822943193.0,2346839250913.0
2025-07-29,117938.58,119273.87,116987.37,117922.15,68463107433.0,2346548863679.0
2025-07-30,117921.99,118780.73,115800.83,117831.19,68896148592.0,2344840211128.0
2025-07-31,117833.63,118919.98,115505.22,115758.2,69370346018.0,2303212731756.0
2025-08-01,115738.96,116060.77,112724.44,113320.09,91294530181.0,2255135680884.0
2025-08-02,113320.39,114021.61,112005.77,112526.91,56870866000.0,2239374886795.0
2025-08-03,112525.8,114747.42,111943.8,114217.67,48099615826.0,2273225581674.0
2025-08-04,114223.92,115729.47,114130.4,115071.88,35783028986.0,2290168688368.0
2025-08-05,115072.18,115117.44,112701.11,114141.44,61039182286.0,2271682684065.0
2025-08-06,114140.91,115737.83,113372.25,115028.0,56379133510.0,2289426220057.0
2025-08-07,115030.05,117676.91,114279.71,117496.9,64051649681.0,2338757036672.0
2025-08-08,117505.5,117689.2,115917.46,116688.73,59713005166.0,2322343980632.0
2025-08-09,116678.28,117906.61,116363.84,116500.36,54004312429.0,2318789772860.0
2025-08-10,116497.72,119320.71,116485.17,119306.76,64755458694.0,2374751720810.0
2025-08-11,119306.81,122321.1,118159.03,118731.45,90528784177.0,2363082431522.0
2025-08-12,118717.66,120302.47,118228.72,120172.91,72803657984.0,2391997268649.0
2025-08-13,120168.98,123682.45,118939.63,123344.06,90904808795.0,2455190057730.0
2025-08-14,123339.4,124457.12,117254.88,118359.58,104055627395.0,2356244699278.0
2025-08-15,118365.78,119332.31,116864.57,117398.35,68665353159.0,2337039020728.0
2025-08-16,117398.42,117996.06,117271.95,117491.35,48036922378.0,2338971474695.0
2025-08-17,117492.79,118595.78,117279.52,117453.06,45852169525.0,2338253928062.0
2025-08-18,117453.91,117614.17,114723.68,116252.31,72787808090.0,2314179147653.0
2025-08-19,116241.86,116764.5,112730.4,112831.18,71657600353.0,2246264081038.0
2025-08-20,112828.02,114625.8,112387.96,114274.74,67993811526.0,2275137450833.0
2025-08-21,114275.68,114802.65,111986.23,112419.03,57817883700.0,2238516228088.0
2025-08-22,112433.73,117377.4,111678.95,116874.09,82528088240.0,2326822823274.0
2025-08-23,116866.37,116996.25,114536.11,115374.33,55377142586.0,2297430001315.0
2025-08-24,115387.39,115615.08,111060.54,113458.43,73961489632.0,2259049760359.0
2025-08-25,113456.89,113637.84,109324.28,110124.35,85706860190.0,2192739869456.0
2025-08-26,110124.11,112397.01,108762.04,111802.66,69396320317.0,2226076813796.0
2025-08-27,111795.71,112619.42,110398.26,111222.06,62137056409.0,2214646576274.0
2025-08-28,111219.05,113450.08,110900.92,112544.8,58860155962.0,2241214229395.0
2025-08-29,112550.52,112619.05,107559.62,108410.84,77843379644.0,2158807975373.0
2025-08-30,108409.4,108929.35,107444.44,108808.07,51486264208.0,2167007351839.0
2025-08-31,108818.46,109491.0,108104.66,108236.71,47986191770.0,2155311534755.0
2025-09-01,108228.75,109890.58,107271.18,109250.59,66870372995.0,2175562358172.0
2025-09-02,109243.07,111748.01,108454.03,111200.59,74776999491.0,2214403015411.0
2025-09-03,111190.7,112600.22,110582.96,111723.21,61119643565.0,2224907382003.0
2025-09-04,111718.15,112208.33,109347.23,110723.6,60131132901.0,2205191335152.0
2025-09-05,110723.01,113357.49,110233.4,110650.99,60241647677.0,2203793467266.0
2025-09-06,110650.57,111275.02,110024.08,110224.7,21500719036.0,2195293247853.0
2025-09-07,110221.33,111591.08,110211.62,111167.62,24618007520.0,2214104302826.0
2025-09-08,111163.02,112869.24,110630.61,112071.43,40212813407.0,2232377995774.0
2025-09-09,112077.58,113225.44,110776.7,111530.55,45984480722.0,2221551890594.0
2025-09-10,111531.25,114275.25,110940.08,113955.36,56377473784.0,2270015122300.0
2025-09-11,113961.43,115522.54,113453.84,115507.54,45685065332.0,2300873652881.0
2025-09-12,115507.79,116769.38,114794.48,116101.58,54785725894.0,2312575346970.0
2025-09-13,116093.56,116334.63,115248.28,115950.51,34549454947.0,2309784087734.0
2025-09-14,115950.29,116181.5,115222.4,115407.65,32798036057.0,2298871666830.0
2025-09-15,115399.63,116747.88,114461.06,115444.87,52937859416.0,2299410634534.0
2025-09-16,115423.75,117005.28,114813.09,116843.18,45781744593.0,2327691788784.0
2025-09-17,116840.51,117328.61,114794.97,116468.51,60528025996.0,2320183085224.0
2025-09-18,116461.26,117911.79,116188.8,117137.2,49457272032.0,2333715124062.0
2025-09-19,117137.67,117479.75,115141.82,115688.86,38828473971.0,2304948597307.0
2025-09-20,115691.13,116191.15,115473.52,115721.96,22864449614.0,2305727545530.0
2025-09-21,115730.23,115901.09,115252.58,115306.1,22495852193.0,2297339763871.0
2025-09-22,115309.22,115431.31,112037.64,112748.51,70684158591.0,2246673306140.0
2025-09-23,112757.48,113351.91,111535.57,112014.5,47211853279.0,2231784565507.0
2025-09-24,112007.67,113986.27,111229.64,113328.63,48044595085.0,2258188096263.0
2025-09-25,113330.17,113541.09,108713.4,109049.29,75528654284.0,2172778969611.0
2025-09-26,109041.29,110359.19,108728.98,109712.83,57738288949.0,2186093717137.0
2025-09-27,109707.14,109778.5,109144.29,109681.94,26308042910.0,2185641706167.0
2025-09-28,109681.95,112375.48,109236.95,112122.64,33371048505.0,2234220620825.0
2025-09-29,112117.88,114473.57,111589.95,114400.39,60000147466.0,2279698774405.0
2025-09-30,114396.52,114836.62,112740.56,114056.08,58986330258.0,2272962850720.0
2025-10-01,114057.59,118648.93,113981.4,118648.93,71328680132.0,2364528832562.0
2025-10-02,118652.39,121086.41,118383.16,120681.26,71415163912.0,2404476831114.0
2025-10-03,120656.98,123944.7,119344.31,122266.53,83941392228.0,2436570957895.0
2025-10-04,122267.47,122857.64,121577.57,122425.43,36769171735.0,2439604048667.0
2025-10-05,122419.67,125559.21,122191.96,123513.47,73689317763.0,2461341319591.0
2025-10-06,123510.45,126198.07,123196.05,124752.53,72568881188.0,2486340085206.0
2025-10-07,124752.14,125184.03,120681.97,121451.38,76149412513.0,2420648589010.0
2025-10-08,121448.35,124167.09,121119.18,123354.87,65354305286.0,2458333960630.0
2025-10-09,123337.07,123739.35,119812.03,121705.58,74653009425.0,2425798679230.0
2025-10-10,121704.74,122509.66,104582.41,113214.37,153125018868.0,2257116276275.0
2025-10-11,113236.43,113429.72,109760.56,110807.88,110236934340.0,2208782640084.0
2025-10-12,110811.51,115805.07,109715.54,115169.76,93710414091.0,2295493500275.0
2025-10-13,115161.68,116020.49,113821.19,115271.08,71582026739.0,2297709116995.0
2025-10-14,115264.88,115502.88,110029.49,113118.67,92212917403.0,2254859843996.0
2025-10-15,113113.97,113622.38,110235.84,110783.17,72574132855.0,2208376792809.0
2025-10-16,110782.17,111990.81,107537.03,108186.04,87306423067.0,2156578744338.0
2025-10-17,108179.13,109235.81,103598.43,106467.79,99703051669.0,2122869968032.0
2025-10-18,106483.74,107490.98,106387.45,107198.27,37779905278.0,2137288778463.0
2025-10-19,107204.31,109488.99,106157.79,108666.71,47657008953.0,2166469140315.0
2025-10-20,108667.44,111711.03,107485.01,110588.93,63507793085.0,2204868785655.0
2025-10-21,110587.63,113996.35,107534.75,108476.89,101194375480.0,2163102017753.0
2025-10-22,108491.53,109115.14,106778.0,107688.59,80807013218.0,2146962722155.0
2025-10-23,107679.44,111288.59,107548.43,110069.72,54944076060.0,2194660092835.0
2025-10-24,110069.35,111842.53,109770.15,111033.92,48160816980.0,2213928828746.0
2025-10-25,111032.61,111947.7,110704.41,111641.73,24707667305.0,2226078132793.0
2025-10-26,111639.05,115260.91,111268.49,114472.44,41708524143.0,2282777872259.0
2025-10-27,114479.85,116273.31,113882.29,114119.32,61761358733.0,2275835954529.0
2025-10-28,114129.09,116078.99,112291.68,112956.17,64528066504.0,2251805068453.0
2025-10-29,112921.33,113642.72,109368.72,110055.3,62192043469.0,2194776069999.0
2025-10-30,110059.2,111612.35,106376.69,108305.55,69673964814.0,2159806960808.0
2025-10-31,108304.41,111031.82,108288.27,109556.16,60090359560.0,2184893745051.0
2025-11-01,109558.63,110574.9,109372.95,110064.02,25871668762.0,2195031469846.0
2025-11-02,110064.43,111167.31,109523.46,110639.63,34284209459.0,2206703485501.0
2025-11-03,110646.91,110764.92,105336.36,106547.52,72852006359.0,2124870430622.0
2025-11-04,106541.42,107264.88,98962.06,101590.52,110967184773.0,2025909299235.0
2025-11-05,101579.24,104534.7,98989.92,103891.84,77584934804.0,2072068578561.0
2025-11-06,103893.67,104147.3,100336.87,101301.29,63932752861.0,2020190184567.0
2025-11-07,101286.24,104052.92,99257.06,103372.41,92168030081.0,2061830246983.0
2025-11-08,103371.7,103373.56,101458.04,102282.11,51446691095.0,2040075678640.0
2025-11-09,102278.98,105418.37,101468.88,104719.64,59679243013.0,2088873006729.0
2025-11-10,104723.77,106564.7,104350.65,105996.6,69585887229.0,2114307338735.0
2025-11-11,105996.86,107428.26,102457.33,102997.47,71130078574.0,2054823782941.0
2025-11-12,103011.43,105297.23,100836.61,101663.19,64347179408.0,2028193369222.0
2025-11-13,101674.15,104005.49,97988.72,99697.49,101546815416.0,1988753566438.0
2025-11-14,99694.71,99804.43,94000.73,94397.79,114346441890.0,1883576225587.0
2025-11-15,94420.47,96728.47,94420.47,95549.15,38500716654.0,1906091949063.0
2025-11-16,95556.87,96564.19,92971.17,94177.07,71086235862.0,1878796595873.0
2025-11-17,94180.88,95928.37,91214.75,92093.87,94186165724.0,1837303984873.0
2025-11-18,92094.53,93745.08,89300.46,92948.87,101333569062.0,1854316908538.0
2025-11-19,92946.17,92946.17,88526.83,91465.99,80350354656.0,1824801361627.0
2025-11-20,91459.35,93025.07,86040.8,86631.9,97970645638.0,1726300933848.0
2025-11-21,86528.77,87380.81,80659.81,85090.69,129157506112.0,1697767449247.0
2025-11-22,85098.57,85503.01,83490.9,84648.36,40793099246.0,1688942560013.0
2025-11-23,84648.61,88038.47,84641.77,86805.01,58083435576.0,1731864376001.0
2025-11-24,86798.77,89206.34,85272.2,88270.56,74433896110.0,1761274125686.0
2025-11-25,88269.96,88457.33,86131.43,87341.89,64837343545.0,1742845443841.0
2025-11-26,87345.59,90581.15,86316.9,90518.37,66496301869.0,1806202811724.0
2025-11-27,90517.77,91897.58,90089.52,91285.37,57040622845.0,1821561772281.0
2025-11-28,91285.38,92969.09,90257.12,90919.27,60895830289.0,1814288819156.0
2025-11-29,90918.74,91187.62,90260.19,90851.75,37921773455.0,1812721245280.0
2025-11-30,90838.21,91965.04,90394.31,90394.31,38497902869.0,1803803900069.0
2025-12-01,90389.11,90398.16,83862.25,86321.57,87962894424.0,1722689774801.0
2025-12-02,86322.54,92316.63,86202.19,91350.21,78546798211.0,1822960371502.0
2025-12-03,91345.1,94060.77,91056.39,93527.8,77650204986.0,1865089964612.0
2025-12-04,93454.26,94038.24,90976.1,92141.62,64538402681.0,1838772518578.0
2025-12-05,92133.65,92702.64,88152.14,89387.75,63256398633.0,1784015531624.0
2025-12-06,89389.36,90267.46,88951.67,89272.37,37994042405.0,1781854757985.0
2025-12-07,89277.81,91740.85,87799.56,90405.64,47394898960.0,1804784849763.0
2025-12-08,90424.59,92267.11,89644.89,90640.21,57394099056.0,1809123702731.0
2025-12-09,90639.7,94601.57,89586.98,92691.71,66861721440.0,1850188984752.0
2025-12-10,92695.23,94477.16,91640.13,92020.95,65420694513.0,1836582077911.0
2025-12-11,92011.3,93554.27,89335.3,92511.34,64532834621.0,1846654862645.0
2025-12-12,92513.67,92747.93,89532.6,90270.41,80275884583.0,1801666374031.0
2025-12-13,90257.8,90647.57,89800.99,90298.71,64237748110.0,1802479365594.0
2025-12-14,90296.43,90498.11,87634.94,88175.18,50465972205.0,1760088123504.0
2025-12-15,88171.08,89983.92,85304.08,86419.78,45559514323.0,1725255522374.0
2025-12-16,86424.41,88170.1,85381.69,87843.99,41262178223.0,1753709062300.0
2025-12-17,87847.62,90264.57,85316.27,86143.76,44243392914.0,1719743031116.0
2025-12-18,86144.37,89412.66,84436.32,85462.51,52667115348.0,1706442078690.0
2025-12-19,85476.14,89339.12,85107.66,88103.38,46733310561.0,1758898317900.0
2025-12-20,88101.67,88497.21,87924.87,88344.0,14688196659.0,1763791170421.0
2025-12-21,88344.7,89027.95,87613.2,88621.75,19845522660.0,1769352244085.0
2025-12-22,88621.4,90501.93,87908.07,88490.02,38047472118.0,1766766685484.0
2025-12-23,88490.03,88898.39,86606.97,87414.0,43683011533.0,1745129984539.0
2025-12-24,87404.32,87956.88,86411.8,87611.96,25550297986.0,1749246171659.0
2025-12-25,87608.32,88501.79,86949.26,87234.74,19953216347.0,1741841494113.0
2025-12-26,87235.51,89459.43,86628.14,87301.43,42455674908.0,1743200359183.0
2025-12-27,87301.43,87874.78,87182.98,87802.16,13741199310.0,1753177851333.0
2025-12-28,87799.35,87986.89,87394.95,87835.83,15156557929.0,1753950316756.0
2025-12-29,87835.79,90299.16,86717.92,87138.14,48411625849.0,1739983962853.0
2025-12-30,87134.35,89297.94,86735.54,88430.14,35586356225.0,1765882956055.0
2025-12-31,88429.59,89080.29,87130.56,87508.83,33830210616.0,1747516285032.0
2026-01-01,87508.05,88803.23,87399.41,88731.99,18849043990.0,1772022035625.0
2026-01-02,88733.07,90884.46,88298.62,89944.69,46398906171.0,1796265116605.0
2026-01-03,89945.06,90679.57,89328.07,90603.19,20774828592.0,1809448593115.0
2026-01-04,90603.0,91712.58,90595.1,91413.49,26770491368.0,1825699779828.0
2026-01-05,91414.63,94762.07,91414.63,93882.55,53376407252.0,1874914450779.0
2026-01-06,93876.95,94395.3,91286.55,93729.03,52430605257.0,1871967456941.0
2026-01-07,93727.47,93738.79,90601.81,91308.05,43461295053.0,1823719166601.0
2026-01-08,91309.64,91485.85,89233.88,91027.13,42386697030.0,1818099933217.0
2026-01-09,91026.28,91910.67,89625.38,90513.1,38305906684.0,1807829782280.0
2026-01-10,90510.1,90713.03,90283.4,90386.65,12385895282.0,1805381986062.0
2026-01-11,90385.36,91155.23,90212.02,90827.46,17165568977.0,1814215503632.0
2026-01-12,90825.86,92395.53,90055.02,91192.99,41346275358.0,1821437354612.0
2026-01-13,91185.34,96011.62,90941.93,95321.78,54980674354.0,1904126001874.0
2026-01-14,95322.91,97860.6,94583.05,96929.33,60592490863.0,1936292206819.0
2026-01-15,96931.29,97150.17,95103.24,95551.19,53086363027.0,1908822996745.0
2026-01-16,95554.1,95801.89,94259.27,95525.12,33248170537.0,1908282176973.0
2026-01-17,95525.16,95598.47,95005.61,95099.92,16021715122.0,1899854321010.0
2026-01-18,95101.18,95491.51,93588.87,93634.43,20809781232.0,1871022219174.0
2026-01-19,93655.67,93660.83,92089.25,92553.6,39195241508.0,1849045615036.0
2026-01-20,92553.6,92798.43,87814.93,88310.9,53072968031.0,1764636107426.0
2026-01-21,88326.51,90430.41,87231.57,89376.96,56330422434.0,1785689879859.0
2026-01-22,89378.52,90258.96,88438.45,89462.45,35549685694.0,1787402810850.0
2026-01-23,89462.05,91100.25,88486.36,89503.88,38997586037.0,1788323604671.0
2026-01-24,89506.15,89811.61,89044.29,89110.74,14558687712.0,1780334302835.0
2026-01-25,89104.76,89193.15,86003.71,86572.22,36124986722.0,1729646133352.0
2026-01-26,86566.52,88743.07,86429.29,88267.14,45329286974.0,1763466493264.0
2026-01-27,88257.47,89427.13,87228.92,89102.57,38744942267.0,1780416231733.0
2026-01-28,89104.04,90439.29,88721.46,89184.57,39807419296.0,1781761763763.0
2026-01-29,89169.85,89200.78,83250.6,84561.58,64653083162.0,1689739535880.0
2026-01-30,84562.73,84602.16,81071.47,84128.66,72083816087.0,1681055646208.0
2026-01-31,84126.5,84136.92,75815.88,78621.11,70479259159.0,1571158846978.0
2026-02-01,78626.13,79322.61,75698.9,76974.44,53372509744.0,1538042510553.0
2026-02-02,76968.87,79258.61,74551.33,78688.76,75140589684.0,1572505326892.0
2026-02-03,78693.51,79118.85,72897.14,75633.55,68249110822.0,1511489970714.0
2026-02-04,75640.09,76864.66,71779.93,73019.7,67215363944.0,1459728269503.0
2026-02-05,73016.37,73161.55,62353.54,62702.1,125509410908.0,1253142757704.0
2026-02-06,62704.45,71681.31,60074.2,70555.39,114674259489.0,1410041587768.0
2026-02-07,70553.8,71611.15,67364.44,69281.97,62347107663.0,1384695255305.0
2026-02-08,69283.73,72206.91,68852.9,70264.72,39721722619.0,1403911304869.0
2026-02-09,70243.33,71369.97,68291.03,70120.78,52081598792.0,1401829597345.0
2026-02-10,70137.39,70464.27,67913.09,68793.96,40593063077.0,1374968059442.0
2026-02-11,68791.86,69242.68,65757.3,66991.97,49671946030.0,1339030082496.0
2026-02-12,66992.19,68339.49,65092.11,66221.84,44651071271.0,1323498239286.0
2026-02-13,66213.38,69382.83,65835.78,68857.84,40820775886.0,1376373401513.0
2026-02-14,68856.99,70481.16,68706.61,69767.62,36012397645.0,1394559086336.0
2026-02-15,69764.95,70939.29,68052.55,68788.19,40191152750.0,1374960987998.0
2026-02-16,68782.4,70067.24,67301.58,68843.15,33618145426.0,1376210750966.0
2026-02-17,68843.09,69201.87,66615.28,67494.22,34866936040.0,1349156427337.0
2026-02-18,67488.02,68434.43,65845.9,66425.32,33094301643.0,1327949751121.0
2026-02-19,66425.63,67277.12,65637.43,66957.52,31492987019.0,1338639992673.0
2026-02-20,66958.58,68269.03,66452.48,68005.42,47507867304.0,1359494043876.0
2026-02-21,68000.25,68657.7,67533.07,68003.76,18357635642.0,1359490709241.0
2026-02-22,67998.82,68235.23,67185.6,67659.39,17893536012.0,1352919184797.0
2026-02-23,67668.43,67668.43,63924.44,64616.74,50953457309.0,1291922313488.0
2026-02-24,64616.02,64992.16,62553.19,64080.04,40849331086.0,1281192136823.0
2026-02-25,64077.77,69953.53,63942.49,67960.12,53629234355.0,1358746067390.0
2026-02-26,67954.87,68843.35,66523.74,67453.77,42988597523.0,1348810726356.0
2026-02-27,67456.52,68220.41,64946.04,65881.8,40283655942.0,1317296459892.0
2026-02-28,65878.93,67714.53,63062.22,66995.86,42041497112.0,1339860961691.0
2026-03-01,67005.89,68162.82,65076.73,65738.1,40733141929.0,1314459510436.0
2026-03-02,65734.08,70044.0,65303.14,68775.85,56698092052.0,1375498098717.0
2026-03-03,68785.07,69232.89,66237.61,68293.65,47947999049.0,1365637950209.0
2026-03-04,68290.56,74051.81,67437.41,72710.58,75073101274.0,1453248118166.0
2026-03-05,72712.66,73555.79,70654.88,70841.13,51172841727.0,1416728207981.0
2026-03-06,70842.16,71378.57,67757.82,68136.49,43776962871.0,1362653662990.0
2026-03-07,68136.69,68515.16,66969.26,67272.6,23258701211.0,1345400829071.0
2026-03-08,67272.5,68177.79,65639.2,65969.78,33195080116.0,1319371219253.0
2026-03-09,65969.58,69474.95,65858.01,68402.39,49499875378.0,1368062400271.0
2026-03-10,68402.72,71770.9,68402.72,69926.92,54003996096.0,1398663250990.0
2026-03-11,69931.25,71337.66,68998.87,70204.88,45236859848.0,1404263969621.0
2026-03-12,70209.77,70775.83,69230.15,70493.46,40871848129.0,1410037876887.0
2026-03-13,70497.05,73927.32,70410.72,70968.27,61167226505.0,1419433046555.0
2026-03-14,70965.38,71291.2,70339.59,71214.63,22283546496.0,1424426412578.0
2026-03-15,71213.68,73173.01,70882.42,72789.92,27991268669.0,1456148741635.0
2026-03-16,72798.17,74901.86,72300.63,74861.08,55572438409.0,1497326210149.0
2026-03-17,74855.3,75988.4,73444.23,73922.47,49500721728.0,1478962001685.0
2026-03-18,73936.85,74658.98,70503.86,71245.58,46229011155.0,1425223838737.0
2026-03-19,71250.35,71598.85,68805.52,69912.79,44631433398.0,1398443303282.0
2026-03-20,69911.53,71346.8,69398.88,70522.58,38299078407.0,1410663987088.0
2026-03-21,70522.47,71051.27,68602.92,68711.53,21109354718.0,1374958149426.0
2026-03-22,68737.45,69561.78,67372.87,67845.21,30108051508.0,1357066376792.0
2026-03-23,67843.0,71782.26,67458.85,70914.86,51508669357.0,1418469235720.0
2026-03-24,70912.67,71371.3,68920.69,70517.86,40181522399.0,1410615551987.0
2026-03-25,70520.05,71985.74,70383.6,71309.88,35409791747.0,1426419319964.0
